ID,LATITUDE,LONGITUDE
1,27.25,-11.75
2,27.75,-11.75
3,28.25,-11.75
4,27.25,-11.25
5,27.75,-11.25
6,28.25,-11.25
7,27.25,-10.75
8,27.75,-10.75
9,28.25,-10.75
10,28.75,-10.75
11,27.25,-10.25
12,27.75,-10.25
13,28.25,-10.25
14,28.75,-10.25
15,27.25,-9.75
16,27.75,-9.75
17,28.25,-9.75
18,28.75,-9.75
19,29.25,-9.75
20,27.25,-9.25
21,27.75,-9.25
22,28.25,-9.25
23,28.75,-9.25
24,29.25,-9.25
25,29.75,-9.25
26,30.25,-9.25
27,30.75,-9.25
28,31.25,-9.25
29,31.75,-9.25
30,51.75,-9.25
31,52.25,-9.25
32,53.75,-9.25
33,54.25,-9.25
34,27.25,-8.75
35,27.75,-8.75
36,28.25,-8.75
37,28.75,-8.75
38,29.25,-8.75
39,29.75,-8.75
40,30.25,-8.75
41,30.75,-8.75
42,31.25,-8.75
43,31.75,-8.75
44,32.25,-8.75
45,32.75,-8.75
46,38.75,-8.75
47,39.25,-8.75
48,43.25,-8.75
49,51.75,-8.75
50,52.25,-8.75
51,52.75,-8.75
52,53.25,-8.75
53,53.75,-8.75
54,54.25,-8.75
55,27.25,-8.25
56,27.75,-8.25
57,28.25,-8.25
58,28.75,-8.25
59,29.25,-8.25
60,29.75,-8.25
61,30.25,-8.25
62,30.75,-8.25
63,31.25,-8.25
64,31.75,-8.25
65,32.25,-8.25
66,32.75,-8.25
67,33.25,-8.25
68,37.75,-8.25
69,38.25,-8.25
70,38.75,-8.25
71,39.25,-8.25
72,39.75,-8.25
73,40.25,-8.25
74,40.75,-8.25
75,41.25,-8.25
76,41.75,-8.25
77,42.25,-8.25
78,42.75,-8.25
79,43.25,-8.25
80,52.25,-8.25
81,52.75,-8.25
82,53.25,-8.25
83,53.75,-8.25
84,54.25,-8.25
85,27.75,-7.75
86,28.25,-7.75
87,28.75,-7.75
88,29.25,-7.75
89,29.75,-7.75
90,30.25,-7.75
91,30.75,-7.75
92,31.25,-7.75
93,31.75,-7.75
94,32.25,-7.75
95,32.75,-7.75
96,33.25,-7.75
97,37.25,-7.75
98,37.75,-7.75
99,38.25,-7.75
100,38.75,-7.75
101,39.25,-7.75
102,39.75,-7.75
103,40.25,-7.75
104,40.75,-7.75
105,41.25,-7.75
106,41.75,-7.75
107,42.25,-7.75
108,42.75,-7.75
109,43.25,-7.75
110,43.75,-7.75
111,52.25,-7.75
112,52.75,-7.75
113,53.25,-7.75
114,53.75,-7.75
115,54.25,-7.75
116,54.75,-7.75
117,27.75,-7.25
118,28.25,-7.25
119,28.75,-7.25
120,29.25,-7.25
121,29.75,-7.25
122,30.25,-7.25
123,30.75,-7.25
124,31.25,-7.25
125,31.75,-7.25
126,32.25,-7.25
127,32.75,-7.25
128,33.25,-7.25
129,33.75,-7.25
130,37.75,-7.25
131,38.25,-7.25
132,38.75,-7.25
133,39.25,-7.25
134,39.75,-7.25
135,40.25,-7.25
136,40.75,-7.25
137,41.25,-7.25
138,41.75,-7.25
139,42.25,-7.25
140,42.75,-7.25
141,43.25,-7.25
142,52.75,-7.25
143,53.25,-7.25
144,53.75,-7.25
145,54.25,-7.25
146,54.75,-7.25
147,55.25,-7.25
148,27.75,-6.75
149,28.25,-6.75
150,28.75,-6.75
151,29.25,-6.75
152,29.75,-6.75
153,30.25,-6.75
154,30.75,-6.75
155,31.25,-6.75
156,31.75,-6.75
157,32.25,-6.75
158,32.75,-6.75
159,33.25,-6.75
160,33.75,-6.75
161,37.75,-6.75
162,38.25,-6.75
163,38.75,-6.75
164,39.25,-6.75
165,39.75,-6.75
166,40.25,-6.75
167,40.75,-6.75
168,41.25,-6.75
169,41.75,-6.75
170,42.25,-6.75
171,42.75,-6.75
172,43.25,-6.75
173,52.75,-6.75
174,53.25,-6.75
175,53.75,-6.75
176,54.25,-6.75
177,54.75,-6.75
178,28.25,-6.25
179,28.75,-6.25
180,29.25,-6.25
181,29.75,-6.25
182,30.25,-6.25
183,30.75,-6.25
184,31.25,-6.25
185,31.75,-6.25
186,32.25,-6.25
187,32.75,-6.25
188,33.25,-6.25
189,33.75,-6.25
190,34.25,-6.25
191,37.25,-6.25
192,37.75,-6.25
193,38.25,-6.25
194,38.75,-6.25
195,39.25,-6.25
196,39.75,-6.25
197,40.25,-6.25
198,40.75,-6.25
199,41.25,-6.25
200,41.75,-6.25
201,42.25,-6.25
202,42.75,-6.25
203,43.25,-6.25
204,52.75,-6.25
205,53.25,-6.25
206,53.75,-6.25
207,54.25,-6.25
208,54.75,-6.25
209,55.25,-6.25
210,28.75,-5.75
211,29.25,-5.75
212,29.75,-5.75
213,30.25,-5.75
214,30.75,-5.75
215,31.25,-5.75
216,31.75,-5.75
217,32.25,-5.75
218,32.75,-5.75
219,33.25,-5.75
220,33.75,-5.75
221,34.25,-5.75
222,34.75,-5.75
223,35.25,-5.75
224,36.75,-5.75
225,37.25,-5.75
226,37.75,-5.75
227,38.25,-5.75
228,38.75,-5.75
229,39.25,-5.75
230,39.75,-5.75
231,40.25,-5.75
232,40.75,-5.75
233,41.25,-5.75
234,41.75,-5.75
235,42.25,-5.75
236,42.75,-5.75
237,43.25,-5.75
238,54.25,-5.75
239,54.75,-5.75
240,56.75,-5.75
241,28.75,-5.25
242,29.25,-5.25
243,29.75,-5.25
244,30.25,-5.25
245,30.75,-5.25
246,31.25,-5.25
247,31.75,-5.25
248,32.25,-5.25
249,32.75,-5.25
250,33.25,-5.25
251,33.75,-5.25
252,34.25,-5.25
253,34.75,-5.25
254,35.25,-5.25
255,36.25,-5.25
256,36.75,-5.25
257,37.25,-5.25
258,37.75,-5.25
259,38.25,-5.25
260,38.75,-5.25
261,39.25,-5.25
262,39.75,-5.25
263,40.25,-5.25
264,40.75,-5.25
265,41.25,-5.25
266,41.75,-5.25
267,42.25,-5.25
268,42.75,-5.25
269,43.25,-5.25
270,50.25,-5.25
271,55.75,-5.25
272,56.25,-5.25
273,56.75,-5.25
274,57.25,-5.25
275,28.75,-4.75
276,29.25,-4.75
277,29.75,-4.75
278,30.25,-4.75
279,30.75,-4.75
280,31.25,-4.75
281,31.75,-4.75
282,32.25,-4.75
283,32.75,-4.75
284,33.25,-4.75
285,33.75,-4.75
286,34.25,-4.75
287,34.75,-4.75
288,35.25,-4.75
289,36.75,-4.75
290,37.25,-4.75
291,37.75,-4.75
292,38.25,-4.75
293,38.75,-4.75
294,39.25,-4.75
295,39.75,-4.75
296,40.25,-4.75
297,40.75,-4.75
298,41.25,-4.75
299,41.75,-4.75
300,42.25,-4.75
301,42.75,-4.75
302,43.25,-4.75
303,50.25,-4.75
304,56.25,-4.75
305,56.75,-4.75
306,57.25,-4.75
307,57.75,-4.75
308,58.25,-4.75
309,29.25,-4.25
310,29.75,-4.25
311,30.25,-4.25
312,30.75,-4.25
313,31.25,-4.25
314,31.75,-4.25
315,32.25,-4.25
316,32.75,-4.25
317,33.25,-4.25
318,33.75,-4.25
319,34.25,-4.25
320,34.75,-4.25
321,35.25,-4.25
322,36.75,-4.25
323,37.25,-4.25
324,37.75,-4.25
325,38.25,-4.25
326,38.75,-4.25
327,39.25,-4.25
328,39.75,-4.25
329,40.25,-4.25
330,40.75,-4.25
331,41.25,-4.25
332,41.75,-4.25
333,42.25,-4.25
334,42.75,-4.25
335,43.25,-4.25
336,48.25,-4.25
337,50.75,-4.25
338,52.25,-4.25
339,55.25,-4.25
340,55.75,-4.25
341,56.75,-4.25
342,57.25,-4.25
343,57.75,-4.25
344,58.25,-4.25
345,29.25,-3.75
346,29.75,-3.75
347,30.25,-3.75
348,30.75,-3.75
349,31.25,-3.75
350,31.75,-3.75
351,32.25,-3.75
352,32.75,-3.75
353,33.25,-3.75
354,33.75,-3.75
355,34.25,-3.75
356,34.75,-3.75
357,35.25,-3.75
358,37.25,-3.75
359,37.75,-3.75
360,38.25,-3.75
361,38.75,-3.75
362,39.25,-3.75
363,39.75,-3.75
364,40.25,-3.75
365,40.75,-3.75
366,41.25,-3.75
367,41.75,-3.75
368,42.25,-3.75
369,42.75,-3.75
370,43.25,-3.75
371,48.25,-3.75
372,48.75,-3.75
373,50.75,-3.75
374,51.25,-3.75
375,51.75,-3.75
376,52.25,-3.75
377,53.25,-3.75
378,55.25,-3.75
379,55.75,-3.75
380,56.25,-3.75
381,56.75,-3.75
382,57.25,-3.75
383,58.25,-3.75
384,29.25,-3.25
385,29.75,-3.25
386,30.25,-3.25
387,30.75,-3.25
388,31.25,-3.25
389,31.75,-3.25
390,32.25,-3.25
391,32.75,-3.25
392,33.25,-3.25
393,33.75,-3.25
394,34.25,-3.25
395,34.75,-3.25
396,35.25,-3.25
397,37.25,-3.25
398,37.75,-3.25
399,38.25,-3.25
400,38.75,-3.25
401,39.25,-3.25
402,39.75,-3.25
403,40.25,-3.25
404,40.75,-3.25
405,41.25,-3.25
406,41.75,-3.25
407,42.25,-3.25
408,42.75,-3.25
409,43.25,-3.25
410,48.25,-3.25
411,48.75,-3.25
412,50.75,-3.25
413,51.25,-3.25
414,51.75,-3.25
415,52.25,-3.25
416,52.75,-3.25
417,53.25,-3.25
418,55.25,-3.25
419,55.75,-3.25
420,56.25,-3.25
421,56.75,-3.25
422,57.25,-3.25
423,57.75,-3.25
424,58.75,-3.25
425,29.75,-2.75
426,30.25,-2.75
427,30.75,-2.75
428,31.25,-2.75
429,31.75,-2.75
430,32.25,-2.75
431,32.75,-2.75
432,33.25,-2.75
433,33.75,-2.75
434,34.25,-2.75
435,34.75,-2.75
436,37.25,-2.75
437,37.75,-2.75
438,38.25,-2.75
439,38.75,-2.75
440,39.25,-2.75
441,39.75,-2.75
442,40.25,-2.75
443,40.75,-2.75
444,41.25,-2.75
445,41.75,-2.75
446,42.25,-2.75
447,42.75,-2.75
448,43.25,-2.75
449,47.75,-2.75
450,48.25,-2.75
451,51.25,-2.75
452,51.75,-2.75
453,52.25,-2.75
454,52.75,-2.75
455,53.25,-2.75
456,54.75,-2.75
457,55.25,-2.75
458,55.75,-2.75
459,56.75,-2.75
460,57.25,-2.75
461,57.75,-2.75
462,30.25,-2.25
463,30.75,-2.25
464,31.25,-2.25
465,31.75,-2.25
466,32.25,-2.25
467,32.75,-2.25
468,33.25,-2.25
469,33.75,-2.25
470,34.25,-2.25
471,34.75,-2.25
472,37.25,-2.25
473,37.75,-2.25
474,38.25,-2.25
475,38.75,-2.25
476,39.25,-2.25
477,39.75,-2.25
478,40.25,-2.25
479,40.75,-2.25
480,41.25,-2.25
481,41.75,-2.25
482,42.25,-2.25
483,42.75,-2.25
484,43.25,-2.25
485,47.75,-2.25
486,48.25,-2.25
487,51.25,-2.25
488,51.75,-2.25
489,52.25,-2.25
490,52.75,-2.25
491,53.25,-2.25
492,53.75,-2.25
493,54.25,-2.25
494,54.75,-2.25
495,55.25,-2.25
496,55.75,-2.25
497,57.25,-2.25
498,30.75,-1.75
499,31.25,-1.75
500,31.75,-1.75
501,32.25,-1.75
502,32.75,-1.75
503,33.25,-1.75
504,33.75,-1.75
505,34.25,-1.75
506,34.75,-1.75
507,37.25,-1.75
508,37.75,-1.75
509,38.25,-1.75
510,38.75,-1.75
511,39.25,-1.75
512,40.25,-1.75
513,40.75,-1.75
514,41.25,-1.75
515,41.75,-1.75
516,42.25,-1.75
517,42.75,-1.75
518,43.25,-1.75
519,47.75,-1.75
520,48.25,-1.75
521,48.75,-1.75
522,51.25,-1.75
523,51.75,-1.75
524,52.25,-1.75
525,52.75,-1.75
526,53.25,-1.75
527,53.75,-1.75
528,54.25,-1.75
529,54.75,-1.75
530,55.25,-1.75
531,30.75,-1.25
532,31.25,-1.25
533,31.75,-1.25
534,32.25,-1.25
535,32.75,-1.25
536,33.25,-1.25
537,33.75,-1.25
538,34.25,-1.25
539,34.75,-1.25
540,35.25,-1.25
541,37.75,-1.25
542,38.25,-1.25
543,38.75,-1.25
544,39.25,-1.25
545,39.75,-1.25
546,40.25,-1.25
547,40.75,-1.25
548,41.25,-1.25
549,41.75,-1.25
550,42.25,-1.25
551,42.75,-1.25
552,43.25,-1.25
553,46.75,-1.25
554,47.25,-1.25
555,47.75,-1.25
556,48.25,-1.25
557,48.75,-1.25
558,51.25,-1.25
559,51.75,-1.25
560,52.25,-1.25
561,52.75,-1.25
562,53.25,-1.25
563,53.75,-1.25
564,54.25,-1.25
565,54.75,-1.25
566,30.75,-0.75
567,31.25,-0.75
568,31.75,-0.75
569,32.25,-0.75
570,32.75,-0.75
571,33.25,-0.75
572,33.75,-0.75
573,34.25,-0.75
574,34.75,-0.75
575,35.25,-0.75
576,35.75,-0.75
577,37.75,-0.75
578,38.25,-0.75
579,38.75,-0.75
580,39.25,-0.75
581,39.75,-0.75
582,40.25,-0.75
583,40.75,-0.75
584,41.25,-0.75
585,41.75,-0.75
586,42.25,-0.75
587,42.75,-0.75
588,43.25,-0.75
589,43.75,-0.75
590,44.25,-0.75
591,44.75,-0.75
592,45.25,-0.75
593,46.75,-0.75
594,47.25,-0.75
595,47.75,-0.75
596,48.25,-0.75
597,48.75,-0.75
598,49.25,-0.75
599,51.25,-0.75
600,51.75,-0.75
601,52.25,-0.75
602,52.75,-0.75
603,53.25,-0.75
604,53.75,-0.75
605,54.25,-0.75
606,30.75,-0.25
607,31.25,-0.25
608,31.75,-0.25
609,32.25,-0.25
610,32.75,-0.25
611,33.25,-0.25
612,33.75,-0.25
613,34.25,-0.25
614,34.75,-0.25
615,35.25,-0.25
616,35.75,-0.25
617,38.75,-0.25
618,39.25,-0.25
619,39.75,-0.25
620,40.25,-0.25
621,40.75,-0.25
622,41.25,-0.25
623,41.75,-0.25
624,42.25,-0.25
625,42.75,-0.25
626,43.25,-0.25
627,43.75,-0.25
628,44.25,-0.25
629,44.75,-0.25
630,45.75,-0.25
631,46.25,-0.25
632,46.75,-0.25
633,47.25,-0.25
634,47.75,-0.25
635,48.25,-0.25
636,48.75,-0.25
637,49.25,-0.25
638,51.25,-0.25
639,51.75,-0.25
640,52.25,-0.25
641,52.75,-0.25
642,53.25,-0.25
643,53.75,-0.25
644,30.75,0.25
645,31.25,0.25
646,31.75,0.25
647,32.25,0.25
648,32.75,0.25
649,33.25,0.25
650,33.75,0.25
651,34.25,0.25
652,34.75,0.25
653,35.25,0.25
654,35.75,0.25
655,40.25,0.25
656,40.75,0.25
657,41.25,0.25
658,41.75,0.25
659,42.25,0.25
660,42.75,0.25
661,43.25,0.25
662,43.75,0.25
663,44.25,0.25
664,44.75,0.25
665,45.25,0.25
666,45.75,0.25
667,46.25,0.25
668,46.75,0.25
669,47.25,0.25
670,47.75,0.25
671,48.25,0.25
672,48.75,0.25
673,49.25,0.25
674,51.25,0.25
675,51.75,0.25
676,52.25,0.25
677,52.75,0.25
678,53.25,0.25
679,30.75,0.75
680,31.25,0.75
681,31.75,0.75
682,32.25,0.75
683,32.75,0.75
684,33.25,0.75
685,33.75,0.75
686,34.25,0.75
687,34.75,0.75
688,35.25,0.75
689,35.75,0.75
690,36.25,0.75
691,40.75,0.75
692,41.25,0.75
693,41.75,0.75
694,42.25,0.75
695,42.75,0.75
696,43.25,0.75
697,43.75,0.75
698,44.25,0.75
699,44.75,0.75
700,45.25,0.75
701,45.75,0.75
702,46.25,0.75
703,46.75,0.75
704,47.25,0.75
705,47.75,0.75
706,48.25,0.75
707,48.75,0.75
708,49.25,0.75
709,49.75,0.75
710,51.25,0.75
711,51.75,0.75
712,52.25,0.75
713,52.75,0.75
714,30.75,1.25
715,31.25,1.25
716,31.75,1.25
717,32.25,1.25
718,32.75,1.25
719,33.25,1.25
720,33.75,1.25
721,34.25,1.25
722,34.75,1.25
723,35.25,1.25
724,35.75,1.25
725,36.25,1.25
726,41.25,1.25
727,41.75,1.25
728,42.25,1.25
729,42.75,1.25
730,43.25,1.25
731,43.75,1.25
732,44.25,1.25
733,44.75,1.25
734,45.25,1.25
735,45.75,1.25
736,46.25,1.25
737,46.75,1.25
738,47.25,1.25
739,47.75,1.25
740,48.25,1.25
741,48.75,1.25
742,49.25,1.25
743,49.75,1.25
744,51.25,1.25
745,52.25,1.25
746,52.75,1.25
747,30.75,1.75
748,31.25,1.75
749,31.75,1.75
750,32.25,1.75
751,32.75,1.75
752,33.25,1.75
753,33.75,1.75
754,34.25,1.75
755,34.75,1.75
756,35.25,1.75
757,35.75,1.75
758,36.25,1.75
759,41.75,1.75
760,42.25,1.75
761,42.75,1.75
762,43.25,1.75
763,43.75,1.75
764,44.25,1.75
765,44.75,1.75
766,45.25,1.75
767,45.75,1.75
768,46.25,1.75
769,46.75,1.75
770,47.25,1.75
771,47.75,1.75
772,48.25,1.75
773,48.75,1.75
774,49.25,1.75
775,49.75,1.75
776,50.25,1.75
777,30.75,2.25
778,31.25,2.25
779,31.75,2.25
780,32.25,2.25
781,32.75,2.25
782,33.25,2.25
783,33.75,2.25
784,34.25,2.25
785,34.75,2.25
786,35.25,2.25
787,35.75,2.25
788,36.25,2.25
789,41.75,2.25
790,42.25,2.25
791,42.75,2.25
792,43.25,2.25
793,43.75,2.25
794,44.25,2.25
795,44.75,2.25
796,45.25,2.25
797,45.75,2.25
798,46.25,2.25
799,46.75,2.25
800,47.25,2.25
801,47.75,2.25
802,48.25,2.25
803,48.75,2.25
804,49.25,2.25
805,49.75,2.25
806,50.25,2.25
807,50.75,2.25
808,31.25,2.75
809,31.75,2.75
810,32.25,2.75
811,32.75,2.75
812,33.25,2.75
813,33.75,2.75
814,34.25,2.75
815,34.75,2.75
816,35.25,2.75
817,35.75,2.75
818,36.25,2.75
819,36.75,2.75
820,39.75,2.75
821,41.75,2.75
822,42.25,2.75
823,42.75,2.75
824,43.25,2.75
825,43.75,2.75
826,44.25,2.75
827,44.75,2.75
828,45.25,2.75
829,45.75,2.75
830,46.25,2.75
831,46.75,2.75
832,47.25,2.75
833,47.75,2.75
834,48.25,2.75
835,48.75,2.75
836,49.25,2.75
837,49.75,2.75
838,50.25,2.75
839,50.75,2.75
840,31.25,3.25
841,31.75,3.25
842,32.25,3.25
843,32.75,3.25
844,33.25,3.25
845,33.75,3.25
846,34.25,3.25
847,34.75,3.25
848,35.25,3.25
849,35.75,3.25
850,36.25,3.25
851,36.75,3.25
852,39.75,3.25
853,43.25,3.25
854,43.75,3.25
855,44.25,3.25
856,44.75,3.25
857,45.25,3.25
858,45.75,3.25
859,46.25,3.25
860,46.75,3.25
861,47.25,3.25
862,47.75,3.25
863,48.25,3.25
864,48.75,3.25
865,49.25,3.25
866,49.75,3.25
867,50.25,3.25
868,50.75,3.25
869,51.25,3.25
870,31.25,3.75
871,31.75,3.75
872,32.25,3.75
873,32.75,3.75
874,33.25,3.75
875,33.75,3.75
876,34.25,3.75
877,34.75,3.75
878,35.25,3.75
879,35.75,3.75
880,36.25,3.75
881,36.75,3.75
882,43.75,3.75
883,44.25,3.75
884,44.75,3.75
885,45.25,3.75
886,45.75,3.75
887,46.25,3.75
888,46.75,3.75
889,47.25,3.75
890,47.75,3.75
891,48.25,3.75
892,48.75,3.75
893,49.25,3.75
894,49.75,3.75
895,50.25,3.75
896,50.75,3.75
897,51.25,3.75
898,31.75,4.25
899,32.25,4.25
900,32.75,4.25
901,33.25,4.25
902,33.75,4.25
903,34.25,4.25
904,34.75,4.25
905,35.25,4.25
906,35.75,4.25
907,36.25,4.25
908,36.75,4.25
909,43.75,4.25
910,44.25,4.25
911,44.75,4.25
912,45.25,4.25
913,45.75,4.25
914,46.25,4.25
915,46.75,4.25
916,47.25,4.25
917,47.75,4.25
918,48.25,4.25
919,48.75,4.25
920,49.25,4.25
921,49.75,4.25
922,50.25,4.25
923,50.75,4.25
924,51.25,4.25
925,51.75,4.25
926,32.25,4.75
927,32.75,4.75
928,33.25,4.75
929,33.75,4.75
930,34.25,4.75
931,34.75,4.75
932,35.25,4.75
933,35.75,4.75
934,36.25,4.75
935,36.75,4.75
936,43.75,4.75
937,44.25,4.75
938,44.75,4.75
939,45.25,4.75
940,45.75,4.75
941,46.25,4.75
942,46.75,4.75
943,47.25,4.75
944,47.75,4.75
945,48.25,4.75
946,48.75,4.75
947,49.25,4.75
948,49.75,4.75
949,50.25,4.75
950,50.75,4.75
951,51.25,4.75
952,51.75,4.75
953,52.25,4.75
954,32.25,5.25
955,32.75,5.25
956,33.25,5.25
957,33.75,5.25
958,34.25,5.25
959,34.75,5.25
960,35.25,5.25
961,35.75,5.25
962,36.25,5.25
963,36.75,5.25
964,43.75,5.25
965,44.25,5.25
966,44.75,5.25
967,45.25,5.25
968,45.75,5.25
969,46.25,5.25
970,46.75,5.25
971,47.25,5.25
972,47.75,5.25
973,48.25,5.25
974,48.75,5.25
975,49.25,5.25
976,49.75,5.25
977,50.25,5.25
978,50.75,5.25
979,51.25,5.25
980,51.75,5.25
981,52.25,5.25
982,32.25,5.75
983,32.75,5.75
984,33.25,5.75
985,33.75,5.75
986,34.25,5.75
987,34.75,5.75
988,35.25,5.75
989,35.75,5.75
990,36.25,5.75
991,36.75,5.75
992,43.75,5.75
993,44.25,5.75
994,44.75,5.75
995,45.25,5.75
996,45.75,5.75
997,46.25,5.75
998,46.75,5.75
999,47.25,5.75
1000,47.75,5.75
1001,48.25,5.75
1002,48.75,5.75
1003,49.25,5.75
1004,49.75,5.75
1005,50.25,5.75
1006,50.75,5.75
1007,51.25,5.75
1008,51.75,5.75
1009,52.25,5.75
1010,59.75,5.75
1011,61.75,5.75
1012,62.25,5.75
1013,32.25,6.25
1014,32.75,6.25
1015,33.25,6.25
1016,33.75,6.25
1017,34.25,6.25
1018,34.75,6.25
1019,35.25,6.25
1020,35.75,6.25
1021,36.25,6.25
1022,36.75,6.25
1023,43.25,6.25
1024,43.75,6.25
1025,44.25,6.25
1026,44.75,6.25
1027,45.25,6.25
1028,45.75,6.25
1029,46.25,6.25
1030,46.75,6.25
1031,47.25,6.25
1032,47.75,6.25
1033,48.25,6.25
1034,48.75,6.25
1035,49.25,6.25
1036,49.75,6.25
1037,50.25,6.25
1038,50.75,6.25
1039,51.25,6.25
1040,51.75,6.25
1041,52.25,6.25
1042,52.75,6.25
1043,53.25,6.25
1044,58.75,6.25
1045,59.75,6.25
1046,60.75,6.25
1047,61.25,6.25
1048,61.75,6.25
1049,62.25,6.25
1050,32.25,6.75
1051,32.75,6.75
1052,33.25,6.75
1053,33.75,6.75
1054,34.25,6.75
1055,34.75,6.75
1056,35.25,6.75
1057,35.75,6.75
1058,36.25,6.75
1059,36.75,6.75
1060,43.75,6.75
1061,44.25,6.75
1062,44.75,6.75
1063,45.25,6.75
1064,45.75,6.75
1065,46.25,6.75
1066,46.75,6.75
1067,47.25,6.75
1068,47.75,6.75
1069,48.25,6.75
1070,48.75,6.75
1071,49.25,6.75
1072,49.75,6.75
1073,50.25,6.75
1074,50.75,6.75
1075,51.25,6.75
1076,51.75,6.75
1077,52.25,6.75
1078,52.75,6.75
1079,53.25,6.75
1080,58.75,6.75
1081,59.25,6.75
1082,60.25,6.75
1083,60.75,6.75
1084,61.75,6.75
1085,62.25,6.75
1086,32.25,7.25
1087,32.75,7.25
1088,33.25,7.25
1089,33.75,7.25
1090,34.25,7.25
1091,34.75,7.25
1092,35.25,7.25
1093,35.75,7.25
1094,36.25,7.25
1095,36.75,7.25
1096,43.75,7.25
1097,44.25,7.25
1098,44.75,7.25
1099,45.25,7.25
1100,45.75,7.25
1101,46.25,7.25
1102,46.75,7.25
1103,47.25,7.25
1104,47.75,7.25
1105,48.25,7.25
1106,48.75,7.25
1107,49.25,7.25
1108,49.75,7.25
1109,50.25,7.25
1110,50.75,7.25
1111,51.25,7.25
1112,51.75,7.25
1113,52.25,7.25
1114,52.75,7.25
1115,53.25,7.25
1116,58.75,7.25
1117,59.25,7.25
1118,59.75,7.25
1119,60.25,7.25
1120,61.25,7.25
1121,62.25,7.25
1122,62.75,7.25
1123,31.75,7.75
1124,32.25,7.75
1125,32.75,7.75
1126,33.25,7.75
1127,33.75,7.75
1128,34.25,7.75
1129,34.75,7.75
1130,35.25,7.75
1131,35.75,7.75
1132,36.25,7.75
1133,36.75,7.75
1134,44.25,7.75
1135,44.75,7.75
1136,45.25,7.75
1137,45.75,7.75
1138,46.75,7.75
1139,47.25,7.75
1140,47.75,7.75
1141,48.25,7.75
1142,48.75,7.75
1143,49.25,7.75
1144,49.75,7.75
1145,50.25,7.75
1146,50.75,7.75
1147,51.25,7.75
1148,51.75,7.75
1149,52.25,7.75
1150,52.75,7.75
1151,53.25,7.75
1152,53.75,7.75
1153,58.25,7.75
1154,58.75,7.75
1155,59.25,7.75
1156,59.75,7.75
1157,60.25,7.75
1158,60.75,7.75
1159,61.25,7.75
1160,61.75,7.75
1161,62.25,7.75
1162,62.75,7.75
1163,31.75,8.25
1164,32.25,8.25
1165,32.75,8.25
1166,33.25,8.25
1167,33.75,8.25
1168,34.25,8.25
1169,34.75,8.25
1170,35.25,8.25
1171,35.75,8.25
1172,36.25,8.25
1173,36.75,8.25
1174,44.25,8.25
1175,44.75,8.25
1176,45.25,8.25
1177,45.75,8.25
1178,47.25,8.25
1179,47.75,8.25
1180,48.25,8.25
1181,48.75,8.25
1182,49.25,8.25
1183,49.75,8.25
1184,50.25,8.25
1185,50.75,8.25
1186,51.25,8.25
1187,51.75,8.25
1188,52.25,8.25
1189,52.75,8.25
1190,53.25,8.25
1191,58.75,8.25
1192,59.25,8.25
1193,59.75,8.25
1194,60.25,8.25
1195,60.75,8.25
1196,61.25,8.25
1197,61.75,8.25
1198,62.25,8.25
1199,62.75,8.25
1200,31.25,8.75
1201,31.75,8.75
1202,32.25,8.75
1203,32.75,8.75
1204,33.25,8.75
1205,33.75,8.75
1206,34.25,8.75
1207,34.75,8.75
1208,35.25,8.75
1209,35.75,8.75
1210,36.25,8.75
1211,36.75,8.75
1212,39.25,8.75
1213,40.75,8.75
1214,44.75,8.75
1215,45.25,8.75
1216,45.75,8.75
1217,46.25,8.75
1218,46.75,8.75
1219,47.25,8.75
1220,47.75,8.75
1221,48.25,8.75
1222,48.75,8.75
1223,49.25,8.75
1224,49.75,8.75
1225,50.25,8.75
1226,50.75,8.75
1227,51.25,8.75
1228,51.75,8.75
1229,52.25,8.75
1230,52.75,8.75
1231,53.25,8.75
1232,53.75,8.75
1233,55.75,8.75
1234,56.25,8.75
1235,56.75,8.75
1236,58.75,8.75
1237,59.25,8.75
1238,59.75,8.75
1239,60.25,8.75
1240,60.75,8.75
1241,61.25,8.75
1242,61.75,8.75
1243,62.25,8.75
1244,62.75,8.75
1245,63.25,8.75
1246,31.25,9.25
1247,31.75,9.25
1248,32.25,9.25
1249,32.75,9.25
1250,33.25,9.25
1251,33.75,9.25
1252,34.25,9.25
1253,34.75,9.25
1254,35.25,9.25
1255,35.75,9.25
1256,36.25,9.25
1257,36.75,9.25
1258,39.25,9.25
1259,39.75,9.25
1260,40.25,9.25
1261,40.75,9.25
1262,41.75,9.25
1263,42.25,9.25
1264,42.75,9.25
1265,44.75,9.25
1266,45.25,9.25
1267,45.75,9.25
1268,46.25,9.25
1269,46.75,9.25
1270,47.25,9.25
1271,47.75,9.25
1272,48.25,9.25
1273,48.75,9.25
1274,49.25,9.25
1275,49.75,9.25
1276,50.25,9.25
1277,50.75,9.25
1278,51.25,9.25
1279,51.75,9.25
1280,52.25,9.25
1281,52.75,9.25
1282,53.25,9.25
1283,53.75,9.25
1284,55.25,9.25
1285,55.75,9.25
1286,56.25,9.25
1287,56.75,9.25
1288,58.75,9.25
1289,59.25,9.25
1290,59.75,9.25
1291,60.25,9.25
1292,60.75,9.25
1293,61.25,9.25
1294,61.75,9.25
1295,62.25,9.25
1296,62.75,9.25
1297,63.25,9.25
1298,30.75,9.75
1299,31.25,9.75
1300,31.75,9.75
1301,32.25,9.75
1302,32.75,9.75
1303,33.25,9.75
1304,33.75,9.75
1305,34.25,9.75
1306,34.75,9.75
1307,35.25,9.75
1308,35.75,9.75
1309,36.25,9.75
1310,36.75,9.75
1311,37.25,9.75
1312,40.25,9.75
1313,40.75,9.75
1314,44.75,9.75
1315,45.25,9.75
1316,45.75,9.75
1317,46.25,9.75
1318,46.75,9.75
1319,47.25,9.75
1320,47.75,9.75
1321,48.25,9.75
1322,48.75,9.75
1323,49.25,9.75
1324,49.75,9.75
1325,50.25,9.75
1326,50.75,9.75
1327,51.25,9.75
1328,51.75,9.75
1329,52.25,9.75
1330,52.75,9.75
1331,53.25,9.75
1332,53.75,9.75
1333,54.25,9.75
1334,54.75,9.75
1335,55.25,9.75
1336,55.75,9.75
1337,56.25,9.75
1338,57.25,9.75
1339,59.25,9.75
1340,59.75,9.75
1341,60.25,9.75
1342,60.75,9.75
1343,61.25,9.75
1344,61.75,9.75
1345,62.25,9.75
1346,62.75,9.75
1347,63.25,9.75
1348,63.75,9.75
1349,30.25,10.25
1350,30.75,10.25
1351,31.25,10.25
1352,31.75,10.25
1353,32.25,10.25
1354,32.75,10.25
1355,33.25,10.25
1356,33.75,10.25
1357,34.75,10.25
1358,35.25,10.25
1359,35.75,10.25
1360,36.25,10.25
1361,36.75,10.25
1362,44.75,10.25
1363,45.25,10.25
1364,45.75,10.25
1365,46.25,10.25
1366,46.75,10.25
1367,47.25,10.25
1368,47.75,10.25
1369,48.25,10.25
1370,48.75,10.25
1371,49.25,10.25
1372,49.75,10.25
1373,50.25,10.25
1374,50.75,10.25
1375,51.25,10.25
1376,51.75,10.25
1377,52.25,10.25
1378,52.75,10.25
1379,53.25,10.25
1380,53.75,10.25
1381,54.25,10.25
1382,56.25,10.25
1383,56.75,10.25
1384,59.25,10.25
1385,59.75,10.25
1386,60.25,10.25
1387,60.75,10.25
1388,61.25,10.25
1389,61.75,10.25
1390,62.25,10.25
1391,62.75,10.25
1392,63.25,10.25
1393,30.25,10.75
1394,30.75,10.75
1395,31.25,10.75
1396,31.75,10.75
1397,32.25,10.75
1398,32.75,10.75
1399,33.25,10.75
1400,34.75,10.75
1401,35.25,10.75
1402,35.75,10.75
1403,36.75,10.75
1404,43.75,10.75
1405,44.25,10.75
1406,44.75,10.75
1407,45.25,10.75
1408,45.75,10.75
1409,46.25,10.75
1410,47.25,10.75
1411,47.75,10.75
1412,48.25,10.75
1413,48.75,10.75
1414,49.25,10.75
1415,49.75,10.75
1416,50.25,10.75
1417,50.75,10.75
1418,51.25,10.75
1419,51.75,10.75
1420,52.25,10.75
1421,52.75,10.75
1422,53.25,10.75
1423,53.75,10.75
1424,54.25,10.75
1425,55.25,10.75
1426,60.25,10.75
1427,60.75,10.75
1428,61.25,10.75
1429,61.75,10.75
1430,62.25,10.75
1431,62.75,10.75
1432,63.25,10.75
1433,64.25,10.75
1434,29.75,11.25
1435,30.25,11.25
1436,30.75,11.25
1437,31.25,11.25
1438,31.75,11.25
1439,32.25,11.25
1440,32.75,11.25
1441,33.25,11.25
1442,43.25,11.25
1443,43.75,11.25
1444,44.25,11.25
1445,44.75,11.25
1446,45.25,11.25
1447,45.75,11.25
1448,46.25,11.25
1449,46.75,11.25
1450,47.25,11.25
1451,47.75,11.25
1452,48.25,11.25
1453,48.75,11.25
1454,49.25,11.25
1455,49.75,11.25
1456,50.25,11.25
1457,50.75,11.25
1458,51.25,11.25
1459,51.75,11.25
1460,52.25,11.25
1461,52.75,11.25
1462,53.25,11.25
1463,53.75,11.25
1464,59.75,11.25
1465,60.25,11.25
1466,60.75,11.25
1467,61.25,11.25
1468,61.75,11.25
1469,62.25,11.25
1470,62.75,11.25
1471,63.25,11.25
1472,63.75,11.25
1473,64.25,11.25
1474,29.75,11.75
1475,30.25,11.75
1476,30.75,11.75
1477,31.25,11.75
1478,31.75,11.75
1479,32.25,11.75
1480,32.75,11.75
1481,42.75,11.75
1482,43.25,11.75
1483,43.75,11.75
1484,44.25,11.75
1485,44.75,11.75
1486,45.25,11.75
1487,45.75,11.75
1488,46.25,11.75
1489,46.75,11.75
1490,47.25,11.75
1491,47.75,11.75
1492,48.25,11.75
1493,48.75,11.75
1494,49.25,11.75
1495,49.75,11.75
1496,50.25,11.75
1497,50.75,11.75
1498,51.25,11.75
1499,51.75,11.75
1500,52.25,11.75
1501,52.75,11.75
1502,53.25,11.75
1503,53.75,11.75
1504,55.75,11.75
1505,58.75,11.75
1506,59.25,11.75
1507,59.75,11.75
1508,60.25,11.75
1509,60.75,11.75
1510,61.25,11.75
1511,61.75,11.75
1512,62.25,11.75
1513,62.75,11.75
1514,63.25,11.75
1515,63.75,11.75
1516,64.25,11.75
1517,29.25,12.25
1518,29.75,12.25
1519,30.25,12.25
1520,30.75,12.25
1521,31.25,12.25
1522,31.75,12.25
1523,32.25,12.25
1524,32.75,12.25
1525,42.25,12.25
1526,43.25,12.25
1527,43.75,12.25
1528,44.25,12.25
1529,44.75,12.25
1530,45.25,12.25
1531,45.75,12.25
1532,46.25,12.25
1533,46.75,12.25
1534,47.25,12.25
1535,47.75,12.25
1536,48.25,12.25
1537,48.75,12.25
1538,49.25,12.25
1539,49.75,12.25
1540,50.25,12.25
1541,50.75,12.25
1542,51.25,12.25
1543,51.75,12.25
1544,52.25,12.25
1545,52.75,12.25
1546,53.25,12.25
1547,53.75,12.25
1548,54.25,12.25
1549,55.25,12.25
1550,55.75,12.25
1551,58.25,12.25
1552,58.75,12.25
1553,59.75,12.25
1554,60.25,12.25
1555,60.75,12.25
1556,61.25,12.25
1557,61.75,12.25
1558,62.75,12.25
1559,63.25,12.25
1560,63.75,12.25
1561,64.25,12.25
1562,64.75,12.25
1563,28.75,12.75
1564,29.25,12.75
1565,29.75,12.75
1566,30.25,12.75
1567,30.75,12.75
1568,31.25,12.75
1569,31.75,12.75
1570,32.25,12.75
1571,32.75,12.75
1572,42.25,12.75
1573,42.75,12.75
1574,43.25,12.75
1575,43.75,12.75
1576,45.75,12.75
1577,46.25,12.75
1578,46.75,12.75
1579,47.25,12.75
1580,47.75,12.75
1581,48.25,12.75
1582,48.75,12.75
1583,49.25,12.75
1584,49.75,12.75
1585,50.25,12.75
1586,50.75,12.75
1587,51.25,12.75
1588,51.75,12.75
1589,52.25,12.75
1590,52.75,12.75
1591,53.25,12.75
1592,53.75,12.75
1593,54.25,12.75
1594,56.25,12.75
1595,57.25,12.75
1596,57.75,12.75
1597,58.25,12.75
1598,59.25,12.75
1599,59.75,12.75
1600,60.25,12.75
1601,60.75,12.75
1602,61.25,12.75
1603,61.75,12.75
1604,62.25,12.75
1605,62.75,12.75
1606,63.25,12.75
1607,63.75,12.75
1608,64.25,12.75
1609,64.75,12.75
1610,65.25,12.75
1611,28.25,13.25
1612,28.75,13.25
1613,29.25,13.25
1614,29.75,13.25
1615,30.25,13.25
1616,30.75,13.25
1617,31.25,13.25
1618,31.75,13.25
1619,32.25,13.25
1620,32.75,13.25
1621,41.75,13.25
1622,42.25,13.25
1623,42.75,13.25
1624,43.25,13.25
1625,43.75,13.25
1626,46.25,13.25
1627,46.75,13.25
1628,47.25,13.25
1629,47.75,13.25
1630,48.25,13.25
1631,48.75,13.25
1632,49.25,13.25
1633,49.75,13.25
1634,50.25,13.25
1635,50.75,13.25
1636,51.25,13.25
1637,51.75,13.25
1638,52.25,13.25
1639,52.75,13.25
1640,53.25,13.25
1641,53.75,13.25
1642,54.25,13.25
1643,56.25,13.25
1644,57.25,13.25
1645,57.75,13.25
1646,58.25,13.25
1647,59.75,13.25
1648,60.25,13.25
1649,60.75,13.25
1650,61.25,13.25
1651,61.75,13.25
1652,62.25,13.25
1653,62.75,13.25
1654,63.25,13.25
1655,63.75,13.25
1656,64.25,13.25
1657,64.75,13.25
1658,65.25,13.25
1659,65.75,13.25
1660,66.25,13.25
1661,28.25,13.75
1662,28.75,13.75
1663,29.25,13.75
1664,29.75,13.75
1665,30.25,13.75
1666,30.75,13.75
1667,31.25,13.75
1668,31.75,13.75
1669,32.25,13.75
1670,32.75,13.75
1671,37.75,13.75
1672,41.75,13.75
1673,42.25,13.75
1674,42.75,13.75
1675,43.25,13.75
1676,46.25,13.75
1677,46.75,13.75
1678,47.25,13.75
1679,47.75,13.75
1680,48.25,13.75
1681,48.75,13.75
1682,49.25,13.75
1683,49.75,13.75
1684,50.25,13.75
1685,50.75,13.75
1686,51.25,13.75
1687,51.75,13.75
1688,52.25,13.75
1689,52.75,13.75
1690,53.25,13.75
1691,53.75,13.75
1692,55.75,13.75
1693,56.25,13.75
1694,56.75,13.75
1695,57.25,13.75
1696,57.75,13.75
1697,58.25,13.75
1698,58.75,13.75
1699,59.75,13.75
1700,60.25,13.75
1701,60.75,13.75
1702,61.25,13.75
1703,61.75,13.75
1704,62.25,13.75
1705,62.75,13.75
1706,63.25,13.75
1707,63.75,13.75
1708,64.25,13.75
1709,64.75,13.75
1710,65.25,13.75
1711,65.75,13.75
1712,66.25,13.75
1713,66.75,13.75
1714,28.25,14.25
1715,28.75,14.25
1716,29.25,14.25
1717,29.75,14.25
1718,30.25,14.25
1719,30.75,14.25
1720,31.25,14.25
1721,31.75,14.25
1722,32.25,14.25
1723,37.75,14.25
1724,41.75,14.25
1725,42.25,14.25
1726,45.25,14.25
1727,45.75,14.25
1728,46.25,14.25
1729,46.75,14.25
1730,47.25,14.25
1731,47.75,14.25
1732,48.25,14.25
1733,48.75,14.25
1734,49.25,14.25
1735,49.75,14.25
1736,50.25,14.25
1737,50.75,14.25
1738,51.25,14.25
1739,51.75,14.25
1740,52.25,14.25
1741,52.75,14.25
1742,53.25,14.25
1743,53.75,14.25
1744,55.75,14.25
1745,56.25,14.25
1746,56.75,14.25
1747,57.25,14.25
1748,57.75,14.25
1749,58.25,14.25
1750,58.75,14.25
1751,59.75,14.25
1752,60.25,14.25
1753,60.75,14.25
1754,61.25,14.25
1755,61.75,14.25
1756,62.25,14.25
1757,62.75,14.25
1758,63.25,14.25
1759,63.75,14.25
1760,64.25,14.25
1761,64.75,14.25
1762,65.25,14.25
1763,65.75,14.25
1764,66.25,14.25
1765,66.75,14.25
1766,28.75,14.75
1767,29.25,14.75
1768,29.75,14.75
1769,30.25,14.75
1770,30.75,14.75
1771,31.25,14.75
1772,31.75,14.75
1773,32.25,14.75
1774,37.25,14.75
1775,37.75,14.75
1776,41.25,14.75
1777,41.75,14.75
1778,45.25,14.75
1779,45.75,14.75
1780,46.25,14.75
1781,46.75,14.75
1782,47.25,14.75
1783,47.75,14.75
1784,48.25,14.75
1785,48.75,14.75
1786,49.25,14.75
1787,49.75,14.75
1788,50.25,14.75
1789,50.75,14.75
1790,51.25,14.75
1791,51.75,14.75
1792,52.25,14.75
1793,52.75,14.75
1794,53.25,14.75
1795,53.75,14.75
1796,56.25,14.75
1797,56.75,14.75
1798,57.25,14.75
1799,57.75,14.75
1800,58.75,14.75
1801,59.25,14.75
1802,59.75,14.75
1803,60.25,14.75
1804,60.75,14.75
1805,61.25,14.75
1806,61.75,14.75
1807,62.25,14.75
1808,62.75,14.75
1809,63.25,14.75
1810,63.75,14.75
1811,64.25,14.75
1812,64.75,14.75
1813,65.25,14.75
1814,65.75,14.75
1815,66.25,14.75
1816,66.75,14.75
1817,67.25,14.75
1818,28.75,15.25
1819,29.25,15.25
1820,29.75,15.25
1821,30.25,15.25
1822,30.75,15.25
1823,31.25,15.25
1824,31.75,15.25
1825,32.25,15.25
1826,37.25,15.25
1827,37.75,15.25
1828,38.25,15.25
1829,41.25,15.25
1830,41.75,15.25
1831,45.25,15.25
1832,45.75,15.25
1833,46.25,15.25
1834,46.75,15.25
1835,47.25,15.25
1836,47.75,15.25
1837,48.25,15.25
1838,48.75,15.25
1839,49.25,15.25
1840,49.75,15.25
1841,50.25,15.25
1842,50.75,15.25
1843,51.25,15.25
1844,51.75,15.25
1845,52.25,15.25
1846,52.75,15.25
1847,53.25,15.25
1848,53.75,15.25
1849,56.75,15.25
1850,57.25,15.25
1851,57.75,15.25
1852,58.25,15.25
1853,59.25,15.25
1854,59.75,15.25
1855,60.25,15.25
1856,60.75,15.25
1857,61.25,15.25
1858,61.75,15.25
1859,62.25,15.25
1860,62.75,15.25
1861,63.75,15.25
1862,64.25,15.25
1863,64.75,15.25
1864,65.25,15.25
1865,65.75,15.25
1866,66.25,15.25
1867,66.75,15.25
1868,67.25,15.25
1869,67.75,15.25
1870,68.75,15.25
1871,28.75,15.75
1872,29.25,15.75
1873,29.75,15.75
1874,30.25,15.75
1875,30.75,15.75
1876,31.25,15.75
1877,38.25,15.75
1878,40.25,15.75
1879,40.75,15.75
1880,41.25,15.75
1881,41.75,15.75
1882,44.25,15.75
1883,44.75,15.75
1884,45.25,15.75
1885,45.75,15.75
1886,46.25,15.75
1887,46.75,15.75
1888,47.25,15.75
1889,47.75,15.75
1890,48.25,15.75
1891,48.75,15.75
1892,49.25,15.75
1893,49.75,15.75
1894,50.25,15.75
1895,50.75,15.75
1896,51.25,15.75
1897,51.75,15.75
1898,52.25,15.75
1899,52.75,15.75
1900,53.25,15.75
1901,53.75,15.75
1902,54.25,15.75
1903,56.75,15.75
1904,57.25,15.75
1905,57.75,15.75
1906,58.25,15.75
1907,58.75,15.75
1908,59.25,15.75
1909,59.75,15.75
1910,60.25,15.75
1911,60.75,15.75
1912,61.25,15.75
1913,61.75,15.75
1914,62.25,15.75
1915,62.75,15.75
1916,63.25,15.75
1917,63.75,15.75
1918,64.75,15.75
1919,65.25,15.75
1920,65.75,15.75
1921,66.25,15.75
1922,66.75,15.75
1923,67.25,15.75
1924,67.75,15.75
1925,68.25,15.75
1926,68.75,15.75
1927,28.25,16.25
1928,28.75,16.25
1929,29.25,16.25
1930,29.75,16.25
1931,30.25,16.25
1932,30.75,16.25
1933,31.25,16.25
1934,38.25,16.25
1935,39.75,16.25
1936,40.25,16.25
1937,40.75,16.25
1938,41.25,16.25
1939,44.25,16.25
1940,44.75,16.25
1941,45.25,16.25
1942,45.75,16.25
1943,46.25,16.25
1944,46.75,16.25
1945,47.25,16.25
1946,47.75,16.25
1947,48.25,16.25
1948,48.75,16.25
1949,49.25,16.25
1950,49.75,16.25
1951,50.25,16.25
1952,50.75,16.25
1953,51.25,16.25
1954,51.75,16.25
1955,52.25,16.25
1956,52.75,16.25
1957,53.25,16.25
1958,53.75,16.25
1959,54.25,16.25
1960,56.75,16.25
1961,57.25,16.25
1962,57.75,16.25
1963,58.25,16.25
1964,58.75,16.25
1965,59.25,16.25
1966,59.75,16.25
1967,60.25,16.25
1968,60.75,16.25
1969,61.25,16.25
1970,61.75,16.25
1971,62.25,16.25
1972,62.75,16.25
1973,63.25,16.25
1974,63.75,16.25
1975,64.75,16.25
1976,65.25,16.25
1977,65.75,16.25
1978,66.25,16.25
1979,66.75,16.25
1980,67.25,16.25
1981,67.75,16.25
1982,68.75,16.25
1983,27.25,16.75
1984,27.75,16.75
1985,28.25,16.75
1986,28.75,16.75
1987,29.25,16.75
1988,29.75,16.75
1989,30.25,16.75
1990,30.75,16.75
1991,31.25,16.75
1992,39.25,16.75
1993,40.25,16.75
1994,40.75,16.75
1995,43.75,16.75
1996,44.25,16.75
1997,44.75,16.75
1998,45.25,16.75
1999,45.75,16.75
2000,46.25,16.75
2001,46.75,16.75
2002,47.25,16.75
2003,47.75,16.75
2004,48.25,16.75
2005,48.75,16.75
2006,49.25,16.75
2007,49.75,16.75
2008,50.25,16.75
2009,50.75,16.75
2010,51.25,16.75
2011,51.75,16.75
2012,52.25,16.75
2013,52.75,16.75
2014,53.25,16.75
2015,53.75,16.75
2016,54.25,16.75
2017,58.25,16.75
2018,58.75,16.75
2019,59.25,16.75
2020,59.75,16.75
2021,60.25,16.75
2022,60.75,16.75
2023,61.25,16.75
2024,61.75,16.75
2025,62.25,16.75
2026,62.75,16.75
2027,63.25,16.75
2028,63.75,16.75
2029,64.25,16.75
2030,64.75,16.75
2031,65.75,16.75
2032,66.25,16.75
2033,67.25,16.75
2034,67.75,16.75
2035,68.75,16.75
2036,27.25,17.25
2037,27.75,17.25
2038,28.25,17.25
2039,28.75,17.25
2040,29.25,17.25
2041,29.75,17.25
2042,30.25,17.25
2043,30.75,17.25
2044,40.75,17.25
2045,43.75,17.25
2046,44.25,17.25
2047,44.75,17.25
2048,45.25,17.25
2049,45.75,17.25
2050,46.25,17.25
2051,46.75,17.25
2052,47.25,17.25
2053,47.75,17.25
2054,48.25,17.25
2055,48.75,17.25
2056,49.25,17.25
2057,49.75,17.25
2058,50.25,17.25
2059,50.75,17.25
2060,51.25,17.25
2061,51.75,17.25
2062,52.25,17.25
2063,52.75,17.25
2064,53.25,17.25
2065,53.75,17.25
2066,54.25,17.25
2067,54.75,17.25
2068,59.25,17.25
2069,60.25,17.25
2070,60.75,17.25
2071,61.75,17.25
2072,62.25,17.25
2073,62.75,17.25
2074,63.25,17.25
2075,63.75,17.25
2076,64.25,17.25
2077,64.75,17.25
2078,65.25,17.25
2079,65.75,17.25
2080,66.25,17.25
2081,66.75,17.25
2082,67.25,17.25
2083,67.75,17.25
2084,68.25,17.25
2085,68.75,17.25
2086,27.25,17.75
2087,27.75,17.75
2088,28.75,17.75
2089,29.25,17.75
2090,29.75,17.75
2091,30.25,17.75
2092,30.75,17.75
2093,40.75,17.75
2094,43.25,17.75
2095,43.75,17.75
2096,44.25,17.75
2097,44.75,17.75
2098,45.25,17.75
2099,45.75,17.75
2100,46.25,17.75
2101,46.75,17.75
2102,47.25,17.75
2103,47.75,17.75
2104,48.25,17.75
2105,48.75,17.75
2106,49.25,17.75
2107,49.75,17.75
2108,50.25,17.75
2109,50.75,17.75
2110,51.25,17.75
2111,51.75,17.75
2112,52.25,17.75
2113,52.75,17.75
2114,53.25,17.75
2115,53.75,17.75
2116,54.25,17.75
2117,54.75,17.75
2118,59.25,17.75
2119,59.75,17.75
2120,60.25,17.75
2121,62.75,17.75
2122,63.25,17.75
2123,63.75,17.75
2124,64.25,17.75
2125,64.75,17.75
2126,65.25,17.75
2127,65.75,17.75
2128,66.25,17.75
2129,66.75,17.75
2130,67.25,17.75
2131,67.75,17.75
2132,68.75,17.75
2133,69.25,17.75
2134,28.75,18.25
2135,29.25,18.25
2136,29.75,18.25
2137,30.25,18.25
2138,30.75,18.25
2139,43.25,18.25
2140,43.75,18.25
2141,44.25,18.25
2142,44.75,18.25
2143,45.25,18.25
2144,45.75,18.25
2145,46.25,18.25
2146,46.75,18.25
2147,47.25,18.25
2148,47.75,18.25
2149,48.25,18.25
2150,48.75,18.25
2151,49.25,18.25
2152,49.75,18.25
2153,50.25,18.25
2154,50.75,18.25
2155,51.25,18.25
2156,51.75,18.25
2157,52.25,18.25
2158,52.75,18.25
2159,53.25,18.25
2160,53.75,18.25
2161,54.25,18.25
2162,54.75,18.25
2163,59.25,18.25
2164,59.75,18.25
2165,60.25,18.25
2166,62.75,18.25
2167,63.25,18.25
2168,63.75,18.25
2169,64.25,18.25
2170,64.75,18.25
2171,65.25,18.25
2172,65.75,18.25
2173,66.75,18.25
2174,67.25,18.25
2175,67.75,18.25
2176,68.25,18.25
2177,68.75,18.25
2178,69.25,18.25
2179,28.75,18.75
2180,29.25,18.75
2181,29.75,18.75
2182,30.25,18.75
2183,42.75,18.75
2184,43.25,18.75
2185,43.75,18.75
2186,44.25,18.75
2187,44.75,18.75
2188,45.25,18.75
2189,45.75,18.75
2190,46.25,18.75
2191,46.75,18.75
2192,47.25,18.75
2193,47.75,18.75
2194,48.25,18.75
2195,48.75,18.75
2196,49.25,18.75
2197,49.75,18.75
2198,50.25,18.75
2199,50.75,18.75
2200,51.25,18.75
2201,51.75,18.75
2202,52.25,18.75
2203,52.75,18.75
2204,53.25,18.75
2205,53.75,18.75
2206,54.25,18.75
2207,57.75,18.75
2208,59.75,18.75
2209,63.25,18.75
2210,63.75,18.75
2211,64.25,18.75
2212,64.75,18.75
2213,65.25,18.75
2214,65.75,18.75
2215,66.25,18.75
2216,66.75,18.75
2217,67.25,18.75
2218,67.75,18.75
2219,68.25,18.75
2220,68.75,18.75
2221,69.25,18.75
2222,28.75,19.25
2223,29.25,19.25
2224,29.75,19.25
2225,30.25,19.25
2226,42.75,19.25
2227,43.25,19.25
2228,43.75,19.25
2229,44.25,19.25
2230,44.75,19.25
2231,45.25,19.25
2232,45.75,19.25
2233,46.25,19.25
2234,46.75,19.25
2235,47.25,19.25
2236,47.75,19.25
2237,48.25,19.25
2238,48.75,19.25
2239,49.25,19.25
2240,49.75,19.25
2241,50.25,19.25
2242,50.75,19.25
2243,51.25,19.25
2244,51.75,19.25
2245,52.25,19.25
2246,52.75,19.25
2247,53.25,19.25
2248,53.75,19.25
2249,54.25,19.25
2250,63.75,19.25
2251,64.25,19.25
2252,64.75,19.25
2253,65.25,19.25
2254,65.75,19.25
2255,66.25,19.25
2256,66.75,19.25
2257,67.25,19.25
2258,67.75,19.25
2259,68.25,19.25
2260,68.75,19.25
2261,69.25,19.25
2262,69.75,19.25
2263,28.75,19.75
2264,29.25,19.75
2265,29.75,19.75
2266,30.25,19.75
2267,42.25,19.75
2268,42.75,19.75
2269,43.25,19.75
2270,43.75,19.75
2271,44.25,19.75
2272,44.75,19.75
2273,45.25,19.75
2274,45.75,19.75
2275,46.25,19.75
2276,46.75,19.75
2277,47.25,19.75
2278,47.75,19.75
2279,48.25,19.75
2280,48.75,19.75
2281,49.25,19.75
2282,49.75,19.75
2283,50.25,19.75
2284,50.75,19.75
2285,51.25,19.75
2286,51.75,19.75
2287,52.25,19.75
2288,52.75,19.75
2289,53.25,19.75
2290,53.75,19.75
2291,54.25,19.75
2292,63.75,19.75
2293,64.25,19.75
2294,64.75,19.75
2295,65.25,19.75
2296,65.75,19.75
2297,66.25,19.75
2298,66.75,19.75
2299,67.25,19.75
2300,67.75,19.75
2301,68.25,19.75
2302,68.75,19.75
2303,69.25,19.75
2304,69.75,19.75
2305,29.25,20.25
2306,29.75,20.25
2307,30.25,20.25
2308,30.75,20.25
2309,39.75,20.25
2310,40.25,20.25
2311,40.75,20.25
2312,41.25,20.25
2313,41.75,20.25
2314,42.25,20.25
2315,42.75,20.25
2316,43.25,20.25
2317,43.75,20.25
2318,44.25,20.25
2319,44.75,20.25
2320,45.25,20.25
2321,45.75,20.25
2322,46.25,20.25
2323,46.75,20.25
2324,47.25,20.25
2325,47.75,20.25
2326,48.25,20.25
2327,48.75,20.25
2328,49.25,20.25
2329,49.75,20.25
2330,50.25,20.25
2331,50.75,20.25
2332,51.25,20.25
2333,51.75,20.25
2334,52.25,20.25
2335,52.75,20.25
2336,53.25,20.25
2337,53.75,20.25
2338,54.25,20.25
2339,64.25,20.25
2340,64.75,20.25
2341,65.25,20.25
2342,65.75,20.25
2343,66.25,20.25
2344,66.75,20.25
2345,67.25,20.25
2346,67.75,20.25
2347,68.25,20.25
2348,68.75,20.25
2349,69.25,20.25
2350,69.75,20.25
2351,29.25,20.75
2352,29.75,20.75
2353,30.25,20.75
2354,30.75,20.75
2355,31.25,20.75
2356,31.75,20.75
2357,32.25,20.75
2358,39.75,20.75
2359,40.25,20.75
2360,40.75,20.75
2361,41.25,20.75
2362,41.75,20.75
2363,42.25,20.75
2364,42.75,20.75
2365,43.25,20.75
2366,43.75,20.75
2367,44.25,20.75
2368,44.75,20.75
2369,45.25,20.75
2370,45.75,20.75
2371,46.25,20.75
2372,46.75,20.75
2373,47.25,20.75
2374,47.75,20.75
2375,48.25,20.75
2376,48.75,20.75
2377,49.25,20.75
2378,49.75,20.75
2379,50.25,20.75
2380,50.75,20.75
2381,51.25,20.75
2382,51.75,20.75
2383,52.25,20.75
2384,52.75,20.75
2385,53.25,20.75
2386,53.75,20.75
2387,54.25,20.75
2388,54.75,20.75
2389,64.25,20.75
2390,64.75,20.75
2391,65.25,20.75
2392,65.75,20.75
2393,66.25,20.75
2394,66.75,20.75
2395,67.25,20.75
2396,67.75,20.75
2397,68.25,20.75
2398,68.75,20.75
2399,69.25,20.75
2400,29.75,21.25
2401,30.25,21.25
2402,30.75,21.25
2403,31.25,21.25
2404,31.75,21.25
2405,32.25,21.25
2406,32.75,21.25
2407,39.75,21.25
2408,40.25,21.25
2409,40.75,21.25
2410,41.25,21.25
2411,41.75,21.25
2412,42.25,21.25
2413,42.75,21.25
2414,43.25,21.25
2415,43.75,21.25
2416,44.25,21.25
2417,44.75,21.25
2418,45.25,21.25
2419,45.75,21.25
2420,46.25,21.25
2421,46.75,21.25
2422,47.25,21.25
2423,47.75,21.25
2424,48.25,21.25
2425,48.75,21.25
2426,49.25,21.25
2427,49.75,21.25
2428,50.25,21.25
2429,50.75,21.25
2430,51.25,21.25
2431,51.75,21.25
2432,52.25,21.25
2433,52.75,21.25
2434,53.25,21.25
2435,53.75,21.25
2436,54.25,21.25
2437,54.75,21.25
2438,64.25,21.25
2439,64.75,21.25
2440,65.25,21.25
2441,65.75,21.25
2442,66.25,21.25
2443,66.75,21.25
2444,67.25,21.25
2445,67.75,21.25
2446,68.25,21.25
2447,68.75,21.25
2448,69.75,21.25
2449,70.25,21.25
2450,29.75,21.75
2451,30.25,21.75
2452,30.75,21.75
2453,31.25,21.75
2454,31.75,21.75
2455,32.25,21.75
2456,32.75,21.75
2457,38.25,21.75
2458,38.75,21.75
2459,39.25,21.75
2460,39.75,21.75
2461,40.25,21.75
2462,40.75,21.75
2463,41.25,21.75
2464,41.75,21.75
2465,42.25,21.75
2466,42.75,21.75
2467,43.25,21.75
2468,43.75,21.75
2469,44.25,21.75
2470,44.75,21.75
2471,45.25,21.75
2472,45.75,21.75
2473,46.25,21.75
2474,46.75,21.75
2475,47.25,21.75
2476,47.75,21.75
2477,48.25,21.75
2478,48.75,21.75
2479,49.25,21.75
2480,49.75,21.75
2481,50.25,21.75
2482,50.75,21.75
2483,51.25,21.75
2484,51.75,21.75
2485,52.25,21.75
2486,52.75,21.75
2487,53.25,21.75
2488,53.75,21.75
2489,54.25,21.75
2490,54.75,21.75
2491,55.25,21.75
2492,55.75,21.75
2493,56.25,21.75
2494,56.75,21.75
2495,61.25,21.75
2496,62.25,21.75
2497,62.75,21.75
2498,65.75,21.75
2499,66.25,21.75
2500,66.75,21.75
2501,67.25,21.75
2502,67.75,21.75
2503,68.25,21.75
2504,68.75,21.75
2505,69.25,21.75
2506,69.75,21.75
2507,70.25,21.75
2508,29.75,22.25
2509,30.25,22.25
2510,30.75,22.25
2511,31.25,22.25
2512,31.75,22.25
2513,32.25,22.25
2514,32.75,22.25
2515,37.25,22.25
2516,37.75,22.25
2517,38.25,22.25
2518,38.75,22.25
2519,39.25,22.25
2520,39.75,22.25
2521,40.25,22.25
2522,40.75,22.25
2523,41.25,22.25
2524,41.75,22.25
2525,42.25,22.25
2526,42.75,22.25
2527,43.25,22.25
2528,43.75,22.25
2529,44.25,22.25
2530,44.75,22.25
2531,45.25,22.25
2532,45.75,22.25
2533,46.25,22.25
2534,46.75,22.25
2535,47.25,22.25
2536,47.75,22.25
2537,48.25,22.25
2538,48.75,22.25
2539,49.25,22.25
2540,49.75,22.25
2541,50.25,22.25
2542,50.75,22.25
2543,51.25,22.25
2544,51.75,22.25
2545,52.25,22.25
2546,52.75,22.25
2547,53.25,22.25
2548,53.75,22.25
2549,54.25,22.25
2550,54.75,22.25
2551,55.25,22.25
2552,55.75,22.25
2553,56.25,22.25
2554,56.75,22.25
2555,57.25,22.25
2556,57.75,22.25
2557,60.75,22.25
2558,61.25,22.25
2559,61.75,22.25
2560,62.25,22.25
2561,62.75,22.25
2562,63.25,22.25
2563,66.25,22.25
2564,66.75,22.25
2565,67.25,22.25
2566,67.75,22.25
2567,68.25,22.25
2568,68.75,22.25
2569,69.25,22.25
2570,69.75,22.25
2571,29.75,22.75
2572,30.25,22.75
2573,30.75,22.75
2574,31.25,22.75
2575,31.75,22.75
2576,32.25,22.75
2577,32.75,22.75
2578,36.75,22.75
2579,37.25,22.75
2580,37.75,22.75
2581,38.25,22.75
2582,38.75,22.75
2583,39.25,22.75
2584,39.75,22.75
2585,40.75,22.75
2586,41.25,22.75
2587,41.75,22.75
2588,42.25,22.75
2589,42.75,22.75
2590,43.25,22.75
2591,43.75,22.75
2592,44.25,22.75
2593,44.75,22.75
2594,45.25,22.75
2595,45.75,22.75
2596,46.25,22.75
2597,46.75,22.75
2598,47.25,22.75
2599,47.75,22.75
2600,48.25,22.75
2601,48.75,22.75
2602,49.25,22.75
2603,49.75,22.75
2604,50.25,22.75
2605,50.75,22.75
2606,51.25,22.75
2607,51.75,22.75
2608,52.25,22.75
2609,52.75,22.75
2610,53.25,22.75
2611,53.75,22.75
2612,54.25,22.75
2613,54.75,22.75
2614,55.25,22.75
2615,55.75,22.75
2616,56.25,22.75
2617,56.75,22.75
2618,57.25,22.75
2619,58.75,22.75
2620,60.25,22.75
2621,60.75,22.75
2622,61.25,22.75
2623,61.75,22.75
2624,62.25,22.75
2625,62.75,22.75
2626,63.25,22.75
2627,66.25,22.75
2628,66.75,22.75
2629,67.25,22.75
2630,67.75,22.75
2631,68.25,22.75
2632,68.75,22.75
2633,69.25,22.75
2634,69.75,22.75
2635,70.25,22.75
2636,30.25,23.25
2637,30.75,23.25
2638,31.25,23.25
2639,31.75,23.25
2640,32.25,23.25
2641,37.75,23.25
2642,38.75,23.25
2643,41.25,23.25
2644,41.75,23.25
2645,42.25,23.25
2646,42.75,23.25
2647,43.25,23.25
2648,43.75,23.25
2649,44.25,23.25
2650,44.75,23.25
2651,45.25,23.25
2652,45.75,23.25
2653,46.25,23.25
2654,46.75,23.25
2655,47.25,23.25
2656,47.75,23.25
2657,48.25,23.25
2658,48.75,23.25
2659,49.25,23.25
2660,49.75,23.25
2661,50.25,23.25
2662,50.75,23.25
2663,51.25,23.25
2664,51.75,23.25
2665,52.25,23.25
2666,52.75,23.25
2667,53.25,23.25
2668,53.75,23.25
2669,54.25,23.25
2670,54.75,23.25
2671,55.25,23.25
2672,55.75,23.25
2673,56.25,23.25
2674,56.75,23.25
2675,57.25,23.25
2676,60.25,23.25
2677,60.75,23.25
2678,61.25,23.25
2679,61.75,23.25
2680,62.25,23.25
2681,62.75,23.25
2682,63.25,23.25
2683,63.75,23.25
2684,66.25,23.25
2685,66.75,23.25
2686,67.25,23.25
2687,67.75,23.25
2688,68.25,23.25
2689,68.75,23.25
2690,69.25,23.25
2691,69.75,23.25
2692,70.25,23.25
2693,30.25,23.75
2694,30.75,23.75
2695,31.25,23.75
2696,31.75,23.75
2697,38.25,23.75
2698,40.25,23.75
2699,40.75,23.75
2700,41.25,23.75
2701,41.75,23.75
2702,42.25,23.75
2703,42.75,23.75
2704,43.25,23.75
2705,43.75,23.75
2706,44.25,23.75
2707,44.75,23.75
2708,45.25,23.75
2709,45.75,23.75
2710,46.25,23.75
2711,46.75,23.75
2712,47.25,23.75
2713,47.75,23.75
2714,48.25,23.75
2715,48.75,23.75
2716,49.25,23.75
2717,49.75,23.75
2718,50.25,23.75
2719,50.75,23.75
2720,51.25,23.75
2721,51.75,23.75
2722,52.25,23.75
2723,52.75,23.75
2724,53.25,23.75
2725,53.75,23.75
2726,54.25,23.75
2727,54.75,23.75
2728,55.25,23.75
2729,55.75,23.75
2730,56.25,23.75
2731,56.75,23.75
2732,58.75,23.75
2733,60.25,23.75
2734,60.75,23.75
2735,61.25,23.75
2736,61.75,23.75
2737,62.25,23.75
2738,62.75,23.75
2739,63.25,23.75
2740,63.75,23.75
2741,66.25,23.75
2742,66.75,23.75
2743,67.25,23.75
2744,67.75,23.75
2745,68.25,23.75
2746,68.75,23.75
2747,69.25,23.75
2748,69.75,23.75
2749,70.75,23.75
2750,30.75,24.25
2751,31.25,24.25
2752,31.75,24.25
2753,38.25,24.25
2754,41.25,24.25
2755,41.75,24.25
2756,42.25,24.25
2757,42.75,24.25
2758,43.25,24.25
2759,43.75,24.25
2760,44.25,24.25
2761,44.75,24.25
2762,45.25,24.25
2763,45.75,24.25
2764,46.25,24.25
2765,46.75,24.25
2766,47.25,24.25
2767,47.75,24.25
2768,48.25,24.25
2769,48.75,24.25
2770,49.25,24.25
2771,49.75,24.25
2772,50.25,24.25
2773,50.75,24.25
2774,51.25,24.25
2775,51.75,24.25
2776,52.25,24.25
2777,52.75,24.25
2778,53.25,24.25
2779,53.75,24.25
2780,54.25,24.25
2781,54.75,24.25
2782,55.25,24.25
2783,55.75,24.25
2784,56.25,24.25
2785,56.75,24.25
2786,58.75,24.25
2787,59.25,24.25
2788,60.25,24.25
2789,60.75,24.25
2790,61.25,24.25
2791,62.25,24.25
2792,62.75,24.25
2793,63.25,24.25
2794,63.75,24.25
2795,64.25,24.25
2796,66.25,24.25
2797,66.75,24.25
2798,67.25,24.25
2799,67.75,24.25
2800,68.25,24.25
2801,68.75,24.25
2802,69.25,24.25
2803,69.75,24.25
2804,70.25,24.25
2805,30.75,24.75
2806,31.25,24.75
2807,31.75,24.75
2808,41.25,24.75
2809,41.75,24.75
2810,42.25,24.75
2811,42.75,24.75
2812,43.25,24.75
2813,43.75,24.75
2814,44.25,24.75
2815,44.75,24.75
2816,45.25,24.75
2817,45.75,24.75
2818,46.25,24.75
2819,46.75,24.75
2820,47.25,24.75
2821,47.75,24.75
2822,48.25,24.75
2823,48.75,24.75
2824,49.25,24.75
2825,49.75,24.75
2826,50.25,24.75
2827,50.75,24.75
2828,51.25,24.75
2829,51.75,24.75
2830,52.25,24.75
2831,52.75,24.75
2832,53.25,24.75
2833,53.75,24.75
2834,54.25,24.75
2835,54.75,24.75
2836,55.25,24.75
2837,55.75,24.75
2838,56.25,24.75
2839,56.75,24.75
2840,57.25,24.75
2841,57.75,24.75
2842,58.75,24.75
2843,59.25,24.75
2844,60.25,24.75
2845,60.75,24.75
2846,61.25,24.75
2847,62.25,24.75
2848,62.75,24.75
2849,63.25,24.75
2850,63.75,24.75
2851,64.25,24.75
2852,64.75,24.75
2853,66.25,24.75
2854,66.75,24.75
2855,67.25,24.75
2856,67.75,24.75
2857,68.25,24.75
2858,68.75,24.75
2859,69.25,24.75
2860,69.75,24.75
2861,70.25,24.75
2862,70.75,24.75
2863,30.25,25.25
2864,30.75,25.25
2865,31.25,25.25
2866,35.25,25.25
2867,41.25,25.25
2868,41.75,25.25
2869,42.25,25.25
2870,42.75,25.25
2871,43.25,25.25
2872,43.75,25.25
2873,44.25,25.25
2874,44.75,25.25
2875,45.25,25.25
2876,45.75,25.25
2877,46.25,25.25
2878,46.75,25.25
2879,47.25,25.25
2880,47.75,25.25
2881,48.25,25.25
2882,48.75,25.25
2883,49.25,25.25
2884,49.75,25.25
2885,50.25,25.25
2886,50.75,25.25
2887,51.25,25.25
2888,51.75,25.25
2889,52.25,25.25
2890,52.75,25.25
2891,53.25,25.25
2892,53.75,25.25
2893,54.25,25.25
2894,54.75,25.25
2895,55.25,25.25
2896,55.75,25.25
2897,56.25,25.25
2898,56.75,25.25
2899,57.25,25.25
2900,57.75,25.25
2901,58.25,25.25
2902,58.75,25.25
2903,59.25,25.25
2904,60.75,25.25
2905,61.25,25.25
2906,61.75,25.25
2907,62.25,25.25
2908,62.75,25.25
2909,63.25,25.25
2910,64.25,25.25
2911,64.75,25.25
2912,66.25,25.25
2913,66.75,25.25
2914,67.25,25.25
2915,67.75,25.25
2916,68.25,25.25
2917,68.75,25.25
2918,69.25,25.25
2919,69.75,25.25
2920,70.25,25.25
2921,70.75,25.25
2922,30.25,25.75
2923,30.75,25.75
2924,31.25,25.75
2925,35.25,25.75
2926,41.25,25.75
2927,41.75,25.75
2928,42.25,25.75
2929,42.75,25.75
2930,43.25,25.75
2931,43.75,25.75
2932,44.25,25.75
2933,44.75,25.75
2934,45.25,25.75
2935,45.75,25.75
2936,46.25,25.75
2937,46.75,25.75
2938,47.25,25.75
2939,47.75,25.75
2940,48.25,25.75
2941,48.75,25.75
2942,49.25,25.75
2943,49.75,25.75
2944,50.25,25.75
2945,50.75,25.75
2946,51.25,25.75
2947,51.75,25.75
2948,52.25,25.75
2949,52.75,25.75
2950,53.25,25.75
2951,53.75,25.75
2952,54.25,25.75
2953,54.75,25.75
2954,55.25,25.75
2955,55.75,25.75
2956,56.25,25.75
2957,56.75,25.75
2958,57.25,25.75
2959,57.75,25.75
2960,58.25,25.75
2961,58.75,25.75
2962,59.25,25.75
2963,60.75,25.75
2964,61.25,25.75
2965,62.25,25.75
2966,62.75,25.75
2967,63.25,25.75
2968,63.75,25.75
2969,64.25,25.75
2970,64.75,25.75
2971,65.75,25.75
2972,66.25,25.75
2973,66.75,25.75
2974,67.25,25.75
2975,67.75,25.75
2976,68.25,25.75
2977,68.75,25.75
2978,69.25,25.75
2979,69.75,25.75
2980,70.25,25.75
2981,30.25,26.25
2982,30.75,26.25
2983,31.25,26.25
2984,41.25,26.25
2985,41.75,26.25
2986,42.25,26.25
2987,42.75,26.25
2988,43.25,26.25
2989,43.75,26.25
2990,44.25,26.25
2991,44.75,26.25
2992,45.25,26.25
2993,45.75,26.25
2994,46.25,26.25
2995,46.75,26.25
2996,47.25,26.25
2997,47.75,26.25
2998,48.25,26.25
2999,48.75,26.25
3000,49.25,26.25
3001,49.75,26.25
3002,50.25,26.25
3003,50.75,26.25
3004,51.25,26.25
3005,51.75,26.25
3006,52.25,26.25
3007,52.75,26.25
3008,53.25,26.25
3009,53.75,26.25
3010,54.25,26.25
3011,54.75,26.25
3012,55.25,26.25
3013,55.75,26.25
3014,56.25,26.25
3015,56.75,26.25
3016,57.25,26.25
3017,57.75,26.25
3018,58.25,26.25
3019,58.75,26.25
3020,59.25,26.25
3021,60.75,26.25
3022,61.25,26.25
3023,61.75,26.25
3024,62.25,26.25
3025,62.75,26.25
3026,63.75,26.25
3027,64.25,26.25
3028,64.75,26.25
3029,65.25,26.25
3030,65.75,26.25
3031,66.25,26.25
3032,66.75,26.25
3033,67.25,26.25
3034,67.75,26.25
3035,68.25,26.25
3036,68.75,26.25
3037,69.25,26.25
3038,69.75,26.25
3039,70.25,26.25
3040,70.75,26.25
3041,30.25,26.75
3042,30.75,26.75
3043,31.25,26.75
3044,39.25,26.75
3045,39.75,26.75
3046,40.25,26.75
3047,41.25,26.75
3048,41.75,26.75
3049,42.25,26.75
3050,42.75,26.75
3051,43.25,26.75
3052,43.75,26.75
3053,44.75,26.75
3054,45.25,26.75
3055,45.75,26.75
3056,46.25,26.75
3057,46.75,26.75
3058,47.25,26.75
3059,47.75,26.75
3060,48.25,26.75
3061,48.75,26.75
3062,49.25,26.75
3063,49.75,26.75
3064,50.25,26.75
3065,50.75,26.75
3066,51.25,26.75
3067,51.75,26.75
3068,52.25,26.75
3069,52.75,26.75
3070,53.25,26.75
3071,53.75,26.75
3072,54.25,26.75
3073,54.75,26.75
3074,55.25,26.75
3075,55.75,26.75
3076,56.25,26.75
3077,56.75,26.75
3078,57.25,26.75
3079,57.75,26.75
3080,58.25,26.75
3081,58.75,26.75
3082,59.25,26.75
3083,60.75,26.75
3084,61.75,26.75
3085,62.25,26.75
3086,62.75,26.75
3087,63.25,26.75
3088,63.75,26.75
3089,64.25,26.75
3090,64.75,26.75
3091,65.25,26.75
3092,65.75,26.75
3093,66.25,26.75
3094,66.75,26.75
3095,67.25,26.75
3096,67.75,26.75
3097,68.25,26.75
3098,68.75,26.75
3099,69.25,26.75
3100,69.75,26.75
3101,70.25,26.75
3102,70.75,26.75
3103,30.25,27.25
3104,30.75,27.25
3105,31.25,27.25
3106,38.25,27.25
3107,38.75,27.25
3108,39.25,27.25
3109,40.25,27.25
3110,40.75,27.25
3111,41.25,27.25
3112,41.75,27.25
3113,42.25,27.25
3114,42.75,27.25
3115,43.25,27.25
3116,43.75,27.25
3117,44.25,27.25
3118,44.75,27.25
3119,45.25,27.25
3120,45.75,27.25
3121,46.25,27.25
3122,46.75,27.25
3123,47.25,27.25
3124,47.75,27.25
3125,48.25,27.25
3126,48.75,27.25
3127,49.25,27.25
3128,49.75,27.25
3129,50.25,27.25
3130,50.75,27.25
3131,51.25,27.25
3132,51.75,27.25
3133,52.25,27.25
3134,52.75,27.25
3135,53.25,27.25
3136,53.75,27.25
3137,54.25,27.25
3138,54.75,27.25
3139,55.25,27.25
3140,55.75,27.25
3141,56.25,27.25
3142,56.75,27.25
3143,57.25,27.25
3144,57.75,27.25
3145,58.25,27.25
3146,59.25,27.25
3147,60.75,27.25
3148,61.25,27.25
3149,61.75,27.25
3150,62.25,27.25
3151,62.75,27.25
3152,63.25,27.25
3153,63.75,27.25
3154,64.25,27.25
3155,65.25,27.25
3156,65.75,27.25
3157,66.25,27.25
3158,66.75,27.25
3159,67.25,27.25
3160,67.75,27.25
3161,68.25,27.25
3162,68.75,27.25
3163,69.25,27.25
3164,69.75,27.25
3165,70.25,27.25
3166,30.25,27.75
3167,30.75,27.75
3168,37.25,27.75
3169,37.75,27.75
3170,38.25,27.75
3171,38.75,27.75
3172,39.25,27.75
3173,39.75,27.75
3174,40.25,27.75
3175,41.25,27.75
3176,41.75,27.75
3177,42.25,27.75
3178,42.75,27.75
3179,43.25,27.75
3180,43.75,27.75
3181,44.25,27.75
3182,44.75,27.75
3183,45.25,27.75
3184,45.75,27.75
3185,46.25,27.75
3186,46.75,27.75
3187,47.25,27.75
3188,47.75,27.75
3189,48.25,27.75
3190,48.75,27.75
3191,49.25,27.75
3192,49.75,27.75
3193,50.25,27.75
3194,50.75,27.75
3195,51.25,27.75
3196,51.75,27.75
3197,52.25,27.75
3198,52.75,27.75
3199,53.25,27.75
3200,53.75,27.75
3201,54.25,27.75
3202,54.75,27.75
3203,55.25,27.75
3204,55.75,27.75
3205,56.25,27.75
3206,56.75,27.75
3207,57.25,27.75
3208,57.75,27.75
3209,58.25,27.75
3210,59.25,27.75
3211,60.75,27.75
3212,61.25,27.75
3213,61.75,27.75
3214,62.25,27.75
3215,63.75,27.75
3216,64.25,27.75
3217,64.75,27.75
3218,65.25,27.75
3219,65.75,27.75
3220,66.25,27.75
3221,67.25,27.75
3222,67.75,27.75
3223,68.25,27.75
3224,68.75,27.75
3225,69.25,27.75
3226,69.75,27.75
3227,70.25,27.75
3228,70.75,27.75
3229,29.75,28.25
3230,30.25,28.25
3231,30.75,28.25
3232,37.25,28.25
3233,37.75,28.25
3234,38.25,28.25
3235,38.75,28.25
3236,39.25,28.25
3237,39.75,28.25
3238,40.25,28.25
3239,41.25,28.25
3240,43.75,28.25
3241,44.25,28.25
3242,44.75,28.25
3243,45.25,28.25
3244,45.75,28.25
3245,46.25,28.25
3246,46.75,28.25
3247,47.25,28.25
3248,47.75,28.25
3249,48.25,28.25
3250,48.75,28.25
3251,49.25,28.25
3252,49.75,28.25
3253,50.25,28.25
3254,50.75,28.25
3255,51.25,28.25
3256,51.75,28.25
3257,52.25,28.25
3258,52.75,28.25
3259,53.25,28.25
3260,53.75,28.25
3261,54.25,28.25
3262,54.75,28.25
3263,55.25,28.25
3264,55.75,28.25
3265,56.25,28.25
3266,56.75,28.25
3267,57.25,28.25
3268,57.75,28.25
3269,59.25,28.25
3270,61.25,28.25
3271,61.75,28.25
3272,62.25,28.25
3273,62.75,28.25
3274,63.25,28.25
3275,64.25,28.25
3276,64.75,28.25
3277,65.25,28.25
3278,65.75,28.25
3279,66.25,28.25
3280,67.25,28.25
3281,67.75,28.25
3282,68.25,28.25
3283,68.75,28.25
3284,69.75,28.25
3285,70.25,28.25
3286,70.75,28.25
3287,29.75,28.75
3288,30.25,28.75
3289,30.75,28.75
3290,37.25,28.75
3291,37.75,28.75
3292,38.25,28.75
3293,38.75,28.75
3294,39.25,28.75
3295,39.75,28.75
3296,40.25,28.75
3297,41.25,28.75
3298,44.75,28.75
3299,45.25,28.75
3300,45.75,28.75
3301,46.25,28.75
3302,46.75,28.75
3303,47.25,28.75
3304,47.75,28.75
3305,48.25,28.75
3306,48.75,28.75
3307,49.25,28.75
3308,49.75,28.75
3309,50.25,28.75
3310,50.75,28.75
3311,51.25,28.75
3312,51.75,28.75
3313,52.25,28.75
3314,52.75,28.75
3315,53.25,28.75
3316,53.75,28.75
3317,54.25,28.75
3318,54.75,28.75
3319,55.25,28.75
3320,55.75,28.75
3321,56.25,28.75
3322,56.75,28.75
3323,57.25,28.75
3324,57.75,28.75
3325,58.25,28.75
3326,58.75,28.75
3327,59.25,28.75
3328,59.75,28.75
3329,61.25,28.75
3330,61.75,28.75
3331,62.25,28.75
3332,62.75,28.75
3333,63.75,28.75
3334,64.75,28.75
3335,65.25,28.75
3336,65.75,28.75
3337,66.25,28.75
3338,66.75,28.75
3339,67.25,28.75
3340,67.75,28.75
3341,68.25,28.75
3342,68.75,28.75
3343,69.25,28.75
3344,69.75,28.75
3345,70.25,28.75
3346,29.25,29.25
3347,29.75,29.25
3348,30.25,29.25
3349,30.75,29.25
3350,37.25,29.25
3351,37.75,29.25
3352,38.25,29.25
3353,38.75,29.25
3354,39.25,29.25
3355,39.75,29.25
3356,40.25,29.25
3357,40.75,29.25
3358,41.25,29.25
3359,45.25,29.25
3360,45.75,29.25
3361,46.25,29.25
3362,46.75,29.25
3363,47.25,29.25
3364,47.75,29.25
3365,48.25,29.25
3366,48.75,29.25
3367,49.25,29.25
3368,49.75,29.25
3369,50.25,29.25
3370,50.75,29.25
3371,51.25,29.25
3372,51.75,29.25
3373,52.25,29.25
3374,52.75,29.25
3375,53.25,29.25
3376,53.75,29.25
3377,54.25,29.25
3378,54.75,29.25
3379,55.25,29.25
3380,55.75,29.25
3381,56.25,29.25
3382,56.75,29.25
3383,57.25,29.25
3384,57.75,29.25
3385,58.25,29.25
3386,58.75,29.25
3387,59.25,29.25
3388,59.75,29.25
3389,60.75,29.25
3390,61.25,29.25
3391,61.75,29.25
3392,62.25,29.25
3393,62.75,29.25
3394,63.25,29.25
3395,63.75,29.25
3396,64.25,29.25
3397,64.75,29.25
3398,65.25,29.25
3399,65.75,29.25
3400,66.25,29.25
3401,66.75,29.25
3402,67.25,29.25
3403,67.75,29.25
3404,68.25,29.25
3405,68.75,29.25
3406,69.25,29.25
3407,69.75,29.25
3408,70.25,29.25
3409,70.75,29.25
3410,29.25,29.75
3411,29.75,29.75
3412,30.25,29.75
3413,30.75,29.75
3414,36.75,29.75
3415,37.25,29.75
3416,37.75,29.75
3417,38.25,29.75
3418,38.75,29.75
3419,39.25,29.75
3420,39.75,29.75
3421,40.25,29.75
3422,40.75,29.75
3423,45.25,29.75
3424,45.75,29.75
3425,46.25,29.75
3426,46.75,29.75
3427,47.25,29.75
3428,47.75,29.75
3429,48.25,29.75
3430,48.75,29.75
3431,49.25,29.75
3432,49.75,29.75
3433,50.25,29.75
3434,50.75,29.75
3435,51.25,29.75
3436,51.75,29.75
3437,52.25,29.75
3438,52.75,29.75
3439,53.25,29.75
3440,53.75,29.75
3441,54.25,29.75
3442,54.75,29.75
3443,55.25,29.75
3444,55.75,29.75
3445,56.25,29.75
3446,56.75,29.75
3447,57.25,29.75
3448,57.75,29.75
3449,58.25,29.75
3450,58.75,29.75
3451,59.25,29.75
3452,59.75,29.75
3453,60.75,29.75
3454,61.25,29.75
3455,61.75,29.75
3456,62.25,29.75
3457,63.25,29.75
3458,63.75,29.75
3459,64.25,29.75
3460,64.75,29.75
3461,65.25,29.75
3462,65.75,29.75
3463,66.25,29.75
3464,66.75,29.75
3465,67.25,29.75
3466,67.75,29.75
3467,68.25,29.75
3468,68.75,29.75
3469,69.25,29.75
3470,69.75,29.75
3471,70.75,29.75
3472,29.75,30.25
3473,30.25,30.25
3474,30.75,30.25
3475,31.25,30.25
3476,36.75,30.25
3477,37.75,30.25
3478,38.25,30.25
3479,38.75,30.25
3480,39.25,30.25
3481,39.75,30.25
3482,40.25,30.25
3483,40.75,30.25
3484,46.25,30.25
3485,46.75,30.25
3486,47.25,30.25
3487,47.75,30.25
3488,48.25,30.25
3489,48.75,30.25
3490,49.25,30.25
3491,49.75,30.25
3492,50.25,30.25
3493,50.75,30.25
3494,51.25,30.25
3495,51.75,30.25
3496,52.25,30.25
3497,52.75,30.25
3498,53.25,30.25
3499,53.75,30.25
3500,54.25,30.25
3501,54.75,30.25
3502,55.25,30.25
3503,55.75,30.25
3504,56.25,30.25
3505,56.75,30.25
3506,57.25,30.25
3507,57.75,30.25
3508,58.25,30.25
3509,58.75,30.25
3510,59.25,30.25
3511,59.75,30.25
3512,60.75,30.25
3513,61.75,30.25
3514,62.75,30.25
3515,63.25,30.25
3516,63.75,30.25
3517,64.25,30.25
3518,64.75,30.25
3519,65.25,30.25
3520,65.75,30.25
3521,66.25,30.25
3522,66.75,30.25
3523,67.25,30.25
3524,67.75,30.25
3525,68.25,30.25
3526,68.75,30.25
3527,69.25,30.25
3528,69.75,30.25
3529,30.75,30.75
3530,31.25,30.75
3531,36.75,30.75
3532,37.25,30.75
3533,37.75,30.75
3534,38.25,30.75
3535,38.75,30.75
3536,39.25,30.75
3537,39.75,30.75
3538,40.25,30.75
3539,40.75,30.75
3540,46.75,30.75
3541,47.25,30.75
3542,47.75,30.75
3543,48.25,30.75
3544,48.75,30.75
3545,49.25,30.75
3546,49.75,30.75
3547,50.25,30.75
3548,50.75,30.75
3549,51.25,30.75
3550,51.75,30.75
3551,52.25,30.75
3552,52.75,30.75
3553,53.25,30.75
3554,53.75,30.75
3555,54.25,30.75
3556,54.75,30.75
3557,55.25,30.75
3558,55.75,30.75
3559,56.25,30.75
3560,56.75,30.75
3561,57.25,30.75
3562,57.75,30.75
3563,58.25,30.75
3564,58.75,30.75
3565,59.25,30.75
3566,59.75,30.75
3567,60.25,30.75
3568,61.75,30.75
3569,62.25,30.75
3570,62.75,30.75
3571,63.25,30.75
3572,63.75,30.75
3573,64.25,30.75
3574,64.75,30.75
3575,65.25,30.75
3576,65.75,30.75
3577,66.25,30.75
3578,66.75,30.75
3579,67.25,30.75
3580,67.75,30.75
3581,68.25,30.75
3582,68.75,30.75
3583,69.25,30.75
3584,69.75,30.75
3585,31.25,31.25
3586,37.25,31.25
3587,37.75,31.25
3588,38.75,31.25
3589,39.25,31.25
3590,39.75,31.25
3591,40.25,31.25
3592,40.75,31.25
3593,47.25,31.25
3594,47.75,31.25
3595,48.25,31.25
3596,48.75,31.25
3597,49.25,31.25
3598,49.75,31.25
3599,50.25,31.25
3600,50.75,31.25
3601,51.25,31.25
3602,51.75,31.25
3603,52.25,31.25
3604,52.75,31.25
3605,53.25,31.25
3606,53.75,31.25
3607,54.25,31.25
3608,54.75,31.25
3609,55.25,31.25
3610,55.75,31.25
3611,56.25,31.25
3612,56.75,31.25
3613,57.25,31.25
3614,57.75,31.25
3615,58.25,31.25
3616,58.75,31.25
3617,59.25,31.25
3618,59.75,31.25
3619,62.25,31.25
3620,62.75,31.25
3621,63.75,31.25
3622,64.25,31.25
3623,64.75,31.25
3624,65.25,31.25
3625,65.75,31.25
3626,66.75,31.25
3627,67.25,31.25
3628,67.75,31.25
3629,68.25,31.25
3630,68.75,31.25
3631,69.25,31.25
3632,69.75,31.25
3633,29.25,31.75
3634,29.75,31.75
3635,31.25,31.75
3636,37.25,31.75
3637,37.75,31.75
3638,38.25,31.75
3639,38.75,31.75
3640,39.25,31.75
3641,39.75,31.75
3642,40.25,31.75
3643,40.75,31.75
3644,41.25,31.75
3645,47.25,31.75
3646,47.75,31.75
3647,48.25,31.75
3648,48.75,31.75
3649,49.25,31.75
3650,49.75,31.75
3651,50.25,31.75
3652,50.75,31.75
3653,51.25,31.75
3654,51.75,31.75
3655,52.25,31.75
3656,52.75,31.75
3657,53.25,31.75
3658,53.75,31.75
3659,54.25,31.75
3660,54.75,31.75
3661,55.25,31.75
3662,55.75,31.75
3663,56.25,31.75
3664,56.75,31.75
3665,57.25,31.75
3666,57.75,31.75
3667,58.25,31.75
3668,58.75,31.75
3669,59.25,31.75
3670,59.75,31.75
3671,62.25,31.75
3672,62.75,31.75
3673,63.25,31.75
3674,63.75,31.75
3675,64.25,31.75
3676,64.75,31.75
3677,65.25,31.75
3678,65.75,31.75
3679,66.25,31.75
3680,66.75,31.75
3681,67.25,31.75
3682,67.75,31.75
3683,68.25,31.75
3684,68.75,31.75
3685,69.25,31.75
3686,69.75,31.75
3687,27.25,32.25
3688,27.75,32.25
3689,28.25,32.25
3690,28.75,32.25
3691,37.25,32.25
3692,37.75,32.25
3693,38.25,32.25
3694,38.75,32.25
3695,39.25,32.25
3696,39.75,32.25
3697,40.25,32.25
3698,40.75,32.25
3699,41.25,32.25
3700,47.75,32.25
3701,48.25,32.25
3702,48.75,32.25
3703,49.25,32.25
3704,50.25,32.25
3705,50.75,32.25
3706,51.25,32.25
3707,51.75,32.25
3708,52.25,32.25
3709,52.75,32.25
3710,53.25,32.25
3711,53.75,32.25
3712,54.25,32.25
3713,54.75,32.25
3714,55.25,32.25
3715,55.75,32.25
3716,56.25,32.25
3717,56.75,32.25
3718,57.25,32.25
3719,57.75,32.25
3720,58.25,32.25
3721,58.75,32.25
3722,59.25,32.25
3723,59.75,32.25
3724,61.75,32.25
3725,62.25,32.25
3726,62.75,32.25
3727,63.25,32.25
3728,63.75,32.25
3729,64.25,32.25
3730,65.25,32.25
3731,65.75,32.25
3732,66.25,32.25
3733,66.75,32.25
3734,67.25,32.25
3735,67.75,32.25
3736,68.25,32.25
3737,68.75,32.25
3738,69.25,32.25
3739,69.75,32.25
3740,27.25,32.75
3741,27.75,32.75
3742,28.25,32.75
3743,30.75,32.75
3744,35.25,32.75
3745,36.75,32.75
3746,37.25,32.75
3747,37.75,32.75
3748,38.25,32.75
3749,38.75,32.75
3750,39.25,32.75
3751,39.75,32.75
3752,40.25,32.75
3753,40.75,32.75
3754,41.25,32.75
3755,41.75,32.75
3756,46.75,32.75
3757,47.25,32.75
3758,47.75,32.75
3759,48.25,32.75
3760,48.75,32.75
3761,49.25,32.75
3762,49.75,32.75
3763,50.25,32.75
3764,50.75,32.75
3765,51.25,32.75
3766,51.75,32.75
3767,52.25,32.75
3768,52.75,32.75
3769,53.25,32.75
3770,53.75,32.75
3771,54.25,32.75
3772,54.75,32.75
3773,55.25,32.75
3774,55.75,32.75
3775,56.25,32.75
3776,56.75,32.75
3777,57.25,32.75
3778,57.75,32.75
3779,58.25,32.75
3780,58.75,32.75
3781,59.25,32.75
3782,59.75,32.75
3783,60.25,32.75
3784,61.75,32.75
3785,62.25,32.75
3786,62.75,32.75
3787,63.75,32.75
3788,64.25,32.75
3789,64.75,32.75
3790,65.25,32.75
3791,66.25,32.75
3792,66.75,32.75
3793,67.25,32.75
3794,67.75,32.75
3795,68.25,32.75
3796,68.75,32.75
3797,69.25,32.75
3798,69.75,32.75
3799,27.25,33.25
3800,29.75,33.25
3801,30.25,33.25
3802,30.75,33.25
3803,35.25,33.25
3804,36.75,33.25
3805,37.25,33.25
3806,37.75,33.25
3807,38.25,33.25
3808,38.75,33.25
3809,39.25,33.25
3810,39.75,33.25
3811,40.25,33.25
3812,40.75,33.25
3813,41.25,33.25
3814,41.75,33.25
3815,45.75,33.25
3816,46.75,33.25
3817,47.25,33.25
3818,47.75,33.25
3819,48.25,33.25
3820,48.75,33.25
3821,49.75,33.25
3822,50.25,33.25
3823,50.75,33.25
3824,51.25,33.25
3825,51.75,33.25
3826,52.25,33.25
3827,52.75,33.25
3828,53.25,33.25
3829,53.75,33.25
3830,54.25,33.25
3831,54.75,33.25
3832,55.25,33.25
3833,55.75,33.25
3834,56.25,33.25
3835,56.75,33.25
3836,57.25,33.25
3837,57.75,33.25
3838,58.25,33.25
3839,58.75,33.25
3840,59.25,33.25
3841,59.75,33.25
3842,60.25,33.25
3843,61.25,33.25
3844,61.75,33.25
3845,62.25,33.25
3846,62.75,33.25
3847,63.25,33.25
3848,64.25,33.25
3849,64.75,33.25
3850,65.25,33.25
3851,65.75,33.25
3852,66.75,33.25
3853,67.75,33.25
3854,68.75,33.25
3855,69.25,33.25
3856,28.75,33.75
3857,29.25,33.75
3858,30.25,33.75
3859,30.75,33.75
3860,35.25,33.75
3861,36.75,33.75
3862,37.25,33.75
3863,37.75,33.75
3864,38.25,33.75
3865,39.75,33.75
3866,40.25,33.75
3867,40.75,33.75
3868,41.25,33.75
3869,41.75,33.75
3870,45.75,33.75
3871,46.75,33.75
3872,47.25,33.75
3873,47.75,33.75
3874,48.25,33.75
3875,48.75,33.75
3876,49.25,33.75
3877,49.75,33.75
3878,50.25,33.75
3879,50.75,33.75
3880,51.25,33.75
3881,51.75,33.75
3882,52.25,33.75
3883,52.75,33.75
3884,53.25,33.75
3885,53.75,33.75
3886,54.25,33.75
3887,54.75,33.75
3888,55.25,33.75
3889,55.75,33.75
3890,56.25,33.75
3891,56.75,33.75
3892,57.25,33.75
3893,57.75,33.75
3894,58.25,33.75
3895,58.75,33.75
3896,59.25,33.75
3897,59.75,33.75
3898,60.25,33.75
3899,60.75,33.75
3900,61.25,33.75
3901,61.75,33.75
3902,62.25,33.75
3903,62.75,33.75
3904,63.25,33.75
3905,63.75,33.75
3906,64.25,33.75
3907,64.75,33.75
3908,65.25,33.75
3909,65.75,33.75
3910,66.25,33.75
3911,67.25,33.75
3912,67.75,33.75
3913,68.75,33.75
3914,69.25,33.75
3915,28.25,34.25
3916,28.75,34.25
3917,29.25,34.25
3918,29.75,34.25
3919,30.25,34.25
3920,30.75,34.25
3921,31.25,34.25
3922,36.75,34.25
3923,37.25,34.25
3924,37.75,34.25
3925,38.25,34.25
3926,38.75,34.25
3927,39.25,34.25
3928,39.75,34.25
3929,40.25,34.25
3930,40.75,34.25
3931,41.25,34.25
3932,41.75,34.25
3933,44.75,34.25
3934,45.25,34.25
3935,45.75,34.25
3936,46.25,34.25
3937,46.75,34.25
3938,47.75,34.25
3939,48.25,34.25
3940,48.75,34.25
3941,49.25,34.25
3942,49.75,34.25
3943,50.25,34.25
3944,50.75,34.25
3945,51.25,34.25
3946,51.75,34.25
3947,52.25,34.25
3948,52.75,34.25
3949,53.25,34.25
3950,53.75,34.25
3951,54.25,34.25
3952,54.75,34.25
3953,55.25,34.25
3954,55.75,34.25
3955,56.25,34.25
3956,56.75,34.25
3957,57.25,34.25
3958,57.75,34.25
3959,58.25,34.25
3960,58.75,34.25
3961,59.25,34.25
3962,59.75,34.25
3963,60.25,34.25
3964,60.75,34.25
3965,61.25,34.25
3966,61.75,34.25
3967,62.25,34.25
3968,63.25,34.25
3969,63.75,34.25
3970,64.25,34.25
3971,64.75,34.25
3972,65.25,34.25
3973,65.75,34.25
3974,67.25,34.25
3975,67.75,34.25
3976,68.25,34.25
3977,68.75,34.25
3978,69.25,34.25
3979,29.75,34.75
3980,30.25,34.75
3981,30.75,34.75
3982,31.25,34.75
3983,37.25,34.75
3984,37.75,34.75
3985,38.25,34.75
3986,38.75,34.75
3987,39.25,34.75
3988,39.75,34.75
3989,40.25,34.75
3990,40.75,34.75
3991,41.25,34.75
3992,41.75,34.75
3993,45.25,34.75
3994,45.75,34.75
3995,46.75,34.75
3996,47.25,34.75
3997,47.75,34.75
3998,48.25,34.75
3999,48.75,34.75
4000,49.25,34.75
4001,49.75,34.75
4002,50.25,34.75
4003,50.75,34.75
4004,51.25,34.75
4005,51.75,34.75
4006,52.25,34.75
4007,52.75,34.75
4008,53.25,34.75
4009,53.75,34.75
4010,54.25,34.75
4011,54.75,34.75
4012,55.25,34.75
4013,55.75,34.75
4014,56.25,34.75
4015,56.75,34.75
4016,57.25,34.75
4017,57.75,34.75
4018,58.25,34.75
4019,58.75,34.75
4020,59.25,34.75
4021,59.75,34.75
4022,60.25,34.75
4023,60.75,34.75
4024,61.25,34.75
4025,62.25,34.75
4026,62.75,34.75
4027,63.25,34.75
4028,63.75,34.75
4029,64.25,34.75
4030,64.75,34.75
4031,65.75,34.75
4032,67.25,34.75
4033,68.25,34.75
4034,68.75,34.75
4035,69.25,34.75
4036,28.75,35.25
4037,29.25,35.25
4038,29.75,35.25
4039,30.75,35.25
4040,31.25,35.25
4041,31.75,35.25
4042,32.25,35.25
4043,37.25,35.25
4044,37.75,35.25
4045,38.25,35.25
4046,38.75,35.25
4047,39.25,35.25
4048,39.75,35.25
4049,40.25,35.25
4050,40.75,35.25
4051,41.25,35.25
4052,41.75,35.25
4053,45.25,35.25
4054,46.75,35.25
4055,47.25,35.25
4056,47.75,35.25
4057,48.25,35.25
4058,48.75,35.25
4059,49.25,35.25
4060,49.75,35.25
4061,50.25,35.25
4062,50.75,35.25
4063,51.25,35.25
4064,51.75,35.25
4065,52.25,35.25
4066,52.75,35.25
4067,53.25,35.25
4068,53.75,35.25
4069,54.25,35.25
4070,54.75,35.25
4071,55.25,35.25
4072,55.75,35.25
4073,56.25,35.25
4074,56.75,35.25
4075,57.25,35.25
4076,57.75,35.25
4077,58.25,35.25
4078,58.75,35.25
4079,59.25,35.25
4080,59.75,35.25
4081,60.25,35.25
4082,60.75,35.25
4083,61.25,35.25
4084,62.75,35.25
4085,63.25,35.25
4086,64.25,35.25
4087,67.25,35.25
4088,67.75,35.25
4089,68.25,35.25
4090,68.75,35.25
4091,69.25,35.25
4092,28.25,35.75
4093,28.75,35.75
4094,29.25,35.75
4095,30.25,35.75
4096,30.75,35.75
4097,31.25,35.75
4098,31.75,35.75
4099,32.25,35.75
4100,32.75,35.75
4101,33.25,35.75
4102,33.75,35.75
4103,36.75,35.75
4104,37.25,35.75
4105,37.75,35.75
4106,38.25,35.75
4107,38.75,35.75
4108,39.25,35.75
4109,39.75,35.75
4110,40.25,35.75
4111,40.75,35.75
4112,41.25,35.75
4113,45.25,35.75
4114,46.75,35.75
4115,47.25,35.75
4116,48.25,35.75
4117,48.75,35.75
4118,49.25,35.75
4119,49.75,35.75
4120,50.25,35.75
4121,50.75,35.75
4122,51.25,35.75
4123,51.75,35.75
4124,52.25,35.75
4125,52.75,35.75
4126,53.25,35.75
4127,53.75,35.75
4128,54.25,35.75
4129,54.75,35.75
4130,55.25,35.75
4131,55.75,35.75
4132,56.25,35.75
4133,56.75,35.75
4134,57.25,35.75
4135,57.75,35.75
4136,58.25,35.75
4137,58.75,35.75
4138,59.25,35.75
4139,59.75,35.75
4140,60.25,35.75
4141,60.75,35.75
4142,63.25,35.75
4143,63.75,35.75
4144,64.25,35.75
4145,66.75,35.75
4146,67.25,35.75
4147,67.75,35.75
4148,68.25,35.75
4149,68.75,35.75
4150,27.75,36.25
4151,28.25,36.25
4152,30.25,36.25
4153,30.75,36.25
4154,31.25,36.25
4155,31.75,36.25
4156,32.25,36.25
4157,32.75,36.25
4158,33.25,36.25
4159,33.75,36.25
4160,34.25,36.25
4161,35.75,36.25
4162,37.25,36.25
4163,37.75,36.25
4164,38.25,36.25
4165,38.75,36.25
4166,39.25,36.25
4167,39.75,36.25
4168,40.25,36.25
4169,40.75,36.25
4170,41.25,36.25
4171,45.25,36.25
4172,47.25,36.25
4173,47.75,36.25
4174,48.25,36.25
4175,48.75,36.25
4176,49.25,36.25
4177,49.75,36.25
4178,50.25,36.25
4179,50.75,36.25
4180,51.25,36.25
4181,51.75,36.25
4182,52.25,36.25
4183,52.75,36.25
4184,53.25,36.25
4185,53.75,36.25
4186,54.25,36.25
4187,54.75,36.25
4188,55.25,36.25
4189,55.75,36.25
4190,56.25,36.25
4191,56.75,36.25
4192,57.25,36.25
4193,57.75,36.25
4194,58.25,36.25
4195,58.75,36.25
4196,59.25,36.25
4197,59.75,36.25
4198,60.25,36.25
4199,60.75,36.25
4200,62.25,36.25
4201,62.75,36.25
4202,63.25,36.25
4203,63.75,36.25
4204,66.75,36.25
4205,67.25,36.25
4206,67.75,36.25
4207,68.25,36.25
4208,68.75,36.25
4209,27.25,36.75
4210,27.75,36.75
4211,30.75,36.75
4212,31.25,36.75
4213,31.75,36.75
4214,32.25,36.75
4215,32.75,36.75
4216,33.25,36.75
4217,33.75,36.75
4218,34.25,36.75
4219,34.75,36.75
4220,35.25,36.75
4221,35.75,36.75
4222,36.25,36.75
4223,36.75,36.75
4224,37.25,36.75
4225,37.75,36.75
4226,38.25,36.75
4227,38.75,36.75
4228,39.25,36.75
4229,39.75,36.75
4230,40.25,36.75
4231,40.75,36.75
4232,41.25,36.75
4233,45.25,36.75
4234,47.25,36.75
4235,47.75,36.75
4236,48.25,36.75
4237,48.75,36.75
4238,49.25,36.75
4239,49.75,36.75
4240,50.25,36.75
4241,50.75,36.75
4242,51.25,36.75
4243,51.75,36.75
4244,52.25,36.75
4245,52.75,36.75
4246,53.25,36.75
4247,53.75,36.75
4248,54.25,36.75
4249,54.75,36.75
4250,55.25,36.75
4251,55.75,36.75
4252,56.25,36.75
4253,56.75,36.75
4254,57.25,36.75
4255,57.75,36.75
4256,58.25,36.75
4257,58.75,36.75
4258,59.25,36.75
4259,59.75,36.75
4260,60.25,36.75
4261,60.75,36.75
4262,61.25,36.75
4263,61.75,36.75
4264,62.25,36.75
4265,62.75,36.75
4266,63.25,36.75
4267,63.75,36.75
4268,66.75,36.75
4269,67.25,36.75
4270,67.75,36.75
4271,68.25,36.75
4272,68.75,36.75
4273,27.25,37.25
4274,27.75,37.25
4275,29.25,37.25
4276,31.75,37.25
4277,32.25,37.25
4278,32.75,37.25
4279,33.25,37.25
4280,33.75,37.25
4281,34.25,37.25
4282,34.75,37.25
4283,35.25,37.25
4284,35.75,37.25
4285,36.25,37.25
4286,36.75,37.25
4287,37.25,37.25
4288,37.75,37.25
4289,38.25,37.25
4290,38.75,37.25
4291,39.25,37.25
4292,39.75,37.25
4293,40.25,37.25
4294,40.75,37.25
4295,47.25,37.25
4296,47.75,37.25
4297,48.25,37.25
4298,48.75,37.25
4299,49.25,37.25
4300,49.75,37.25
4301,50.25,37.25
4302,50.75,37.25
4303,51.25,37.25
4304,51.75,37.25
4305,52.25,37.25
4306,52.75,37.25
4307,53.25,37.25
4308,53.75,37.25
4309,54.25,37.25
4310,54.75,37.25
4311,55.25,37.25
4312,55.75,37.25
4313,56.25,37.25
4314,56.75,37.25
4315,57.25,37.25
4316,57.75,37.25
4317,58.25,37.25
4318,58.75,37.25
4319,59.25,37.25
4320,59.75,37.25
4321,60.25,37.25
4322,60.75,37.25
4323,61.25,37.25
4324,61.75,37.25
4325,62.25,37.25
4326,62.75,37.25
4327,63.25,37.25
4328,63.75,37.25
4329,66.75,37.25
4330,67.25,37.25
4331,67.75,37.25
4332,68.25,37.25
4333,68.75,37.25
4334,27.25,37.75
4335,31.75,37.75
4336,32.25,37.75
4337,32.75,37.75
4338,33.25,37.75
4339,33.75,37.75
4340,34.25,37.75
4341,34.75,37.75
4342,35.25,37.75
4343,35.75,37.75
4344,36.25,37.75
4345,36.75,37.75
4346,37.25,37.75
4347,37.75,37.75
4348,38.25,37.75
4349,38.75,37.75
4350,39.25,37.75
4351,39.75,37.75
4352,40.25,37.75
4353,40.75,37.75
4354,45.25,37.75
4355,47.25,37.75
4356,47.75,37.75
4357,48.25,37.75
4358,48.75,37.75
4359,49.25,37.75
4360,49.75,37.75
4361,50.25,37.75
4362,50.75,37.75
4363,51.25,37.75
4364,51.75,37.75
4365,52.25,37.75
4366,52.75,37.75
4367,53.25,37.75
4368,53.75,37.75
4369,54.25,37.75
4370,54.75,37.75
4371,55.25,37.75
4372,55.75,37.75
4373,56.25,37.75
4374,56.75,37.75
4375,57.25,37.75
4376,57.75,37.75
4377,58.25,37.75
4378,58.75,37.75
4379,59.25,37.75
4380,59.75,37.75
4381,60.25,37.75
4382,60.75,37.75
4383,61.25,37.75
4384,61.75,37.75
4385,62.25,37.75
4386,62.75,37.75
4387,63.25,37.75
4388,63.75,37.75
4389,64.75,37.75
4390,66.75,37.75
4391,67.25,37.75
4392,67.75,37.75
4393,68.25,37.75
4394,27.25,38.25
4395,31.75,38.25
4396,32.25,38.25
4397,32.75,38.25
4398,33.25,38.25
4399,33.75,38.25
4400,34.25,38.25
4401,34.75,38.25
4402,35.25,38.25
4403,35.75,38.25
4404,36.25,38.25
4405,36.75,38.25
4406,37.25,38.25
4407,37.75,38.25
4408,38.25,38.25
4409,38.75,38.25
4410,39.25,38.25
4411,39.75,38.25
4412,40.25,38.25
4413,40.75,38.25
4414,45.25,38.25
4415,45.75,38.25
4416,46.75,38.25
4417,47.75,38.25
4418,48.25,38.25
4419,48.75,38.25
4420,49.25,38.25
4421,49.75,38.25
4422,50.25,38.25
4423,50.75,38.25
4424,51.25,38.25
4425,51.75,38.25
4426,52.25,38.25
4427,52.75,38.25
4428,53.25,38.25
4429,53.75,38.25
4430,54.25,38.25
4431,54.75,38.25
4432,55.25,38.25
4433,55.75,38.25
4434,56.25,38.25
4435,56.75,38.25
4436,57.25,38.25
4437,57.75,38.25
4438,58.25,38.25
4439,59.75,38.25
4440,60.25,38.25
4441,60.75,38.25
4442,61.25,38.25
4443,61.75,38.25
4444,62.25,38.25
4445,62.75,38.25
4446,63.25,38.25
4447,63.75,38.25
4448,64.75,38.25
4449,66.75,38.25
4450,67.25,38.25
4451,67.75,38.25
4452,68.25,38.25
4453,27.25,38.75
4454,31.25,38.75
4455,31.75,38.75
4456,32.25,38.75
4457,32.75,38.75
4458,33.25,38.75
4459,33.75,38.75
4460,34.25,38.75
4461,34.75,38.75
4462,35.25,38.75
4463,35.75,38.75
4464,36.25,38.75
4465,36.75,38.75
4466,37.25,38.75
4467,37.75,38.75
4468,38.25,38.75
4469,39.25,38.75
4470,39.75,38.75
4471,40.25,38.75
4472,40.75,38.75
4473,44.75,38.75
4474,45.25,38.75
4475,45.75,38.75
4476,46.25,38.75
4477,46.75,38.75
4478,47.75,38.75
4479,48.25,38.75
4480,48.75,38.75
4481,49.25,38.75
4482,49.75,38.75
4483,50.25,38.75
4484,50.75,38.75
4485,51.25,38.75
4486,51.75,38.75
4487,52.25,38.75
4488,52.75,38.75
4489,53.25,38.75
4490,53.75,38.75
4491,54.25,38.75
4492,54.75,38.75
4493,55.25,38.75
4494,55.75,38.75
4495,56.25,38.75
4496,56.75,38.75
4497,57.25,38.75
4498,57.75,38.75
4499,59.25,38.75
4500,59.75,38.75
4501,60.25,38.75
4502,60.75,38.75
4503,61.25,38.75
4504,61.75,38.75
4505,62.25,38.75
4506,62.75,38.75
4507,63.25,38.75
4508,63.75,38.75
4509,64.25,38.75
4510,64.75,38.75
4511,66.75,38.75
4512,67.25,38.75
4513,67.75,38.75
4514,68.25,38.75
4515,27.25,39.25
4516,27.75,39.25
4517,30.75,39.25
4518,31.25,39.25
4519,31.75,39.25
4520,32.25,39.25
4521,32.75,39.25
4522,33.25,39.25
4523,33.75,39.25
4524,34.25,39.25
4525,34.75,39.25
4526,35.25,39.25
4527,35.75,39.25
4528,36.25,39.25
4529,36.75,39.25
4530,37.25,39.25
4531,37.75,39.25
4532,38.25,39.25
4533,38.75,39.25
4534,39.25,39.25
4535,39.75,39.25
4536,40.25,39.25
4537,40.75,39.25
4538,44.75,39.25
4539,45.25,39.25
4540,45.75,39.25
4541,46.25,39.25
4542,46.75,39.25
4543,47.75,39.25
4544,48.25,39.25
4545,48.75,39.25
4546,49.25,39.25
4547,49.75,39.25
4548,50.25,39.25
4549,50.75,39.25
4550,51.25,39.25
4551,51.75,39.25
4552,52.25,39.25
4553,52.75,39.25
4554,53.25,39.25
4555,53.75,39.25
4556,54.25,39.25
4557,54.75,39.25
4558,55.25,39.25
4559,55.75,39.25
4560,56.25,39.25
4561,56.75,39.25
4562,57.25,39.25
4563,57.75,39.25
4564,58.25,39.25
4565,58.75,39.25
4566,59.25,39.25
4567,59.75,39.25
4568,60.25,39.25
4569,60.75,39.25
4570,61.25,39.25
4571,61.75,39.25
4572,62.25,39.25
4573,62.75,39.25
4574,63.25,39.25
4575,63.75,39.25
4576,64.25,39.25
4577,66.75,39.25
4578,67.25,39.25
4579,67.75,39.25
4580,27.25,39.75
4581,27.75,39.75
4582,30.75,39.75
4583,31.25,39.75
4584,31.75,39.75
4585,32.25,39.75
4586,32.75,39.75
4587,33.25,39.75
4588,33.75,39.75
4589,34.25,39.75
4590,34.75,39.75
4591,35.25,39.75
4592,35.75,39.75
4593,36.25,39.75
4594,36.75,39.75
4595,37.25,39.75
4596,37.75,39.75
4597,38.25,39.75
4598,38.75,39.75
4599,39.25,39.75
4600,39.75,39.75
4601,40.25,39.75
4602,40.75,39.75
4603,44.25,39.75
4604,44.75,39.75
4605,45.25,39.75
4606,45.75,39.75
4607,46.25,39.75
4608,46.75,39.75
4609,47.25,39.75
4610,47.75,39.75
4611,48.25,39.75
4612,48.75,39.75
4613,49.25,39.75
4614,49.75,39.75
4615,50.25,39.75
4616,50.75,39.75
4617,51.25,39.75
4618,51.75,39.75
4619,52.25,39.75
4620,52.75,39.75
4621,53.25,39.75
4622,53.75,39.75
4623,54.25,39.75
4624,54.75,39.75
4625,55.25,39.75
4626,55.75,39.75
4627,56.25,39.75
4628,56.75,39.75
4629,57.25,39.75
4630,57.75,39.75
4631,58.25,39.75
4632,58.75,39.75
4633,59.25,39.75
4634,59.75,39.75
4635,60.25,39.75
4636,60.75,39.75
4637,61.25,39.75
4638,61.75,39.75
4639,62.25,39.75
4640,62.75,39.75
4641,63.25,39.75
4642,63.75,39.75
4643,64.25,39.75
4644,66.75,39.75
4645,67.25,39.75
4646,67.75,39.75
4647,27.25,40.25
4648,27.75,40.25
4649,28.25,40.25
4650,30.75,40.25
4651,31.25,40.25
4652,31.75,40.25
4653,32.25,40.25
4654,32.75,40.25
4655,33.25,40.25
4656,33.75,40.25
4657,34.25,40.25
4658,34.75,40.25
4659,35.25,40.25
4660,35.75,40.25
4661,36.25,40.25
4662,36.75,40.25
4663,37.25,40.25
4664,37.75,40.25
4665,38.25,40.25
4666,38.75,40.25
4667,39.25,40.25
4668,39.75,40.25
4669,40.25,40.25
4670,40.75,40.25
4671,43.75,40.25
4672,44.25,40.25
4673,44.75,40.25
4674,45.25,40.25
4675,45.75,40.25
4676,46.25,40.25
4677,46.75,40.25
4678,47.25,40.25
4679,47.75,40.25
4680,48.25,40.25
4681,48.75,40.25
4682,49.25,40.25
4683,49.75,40.25
4684,50.25,40.25
4685,50.75,40.25
4686,51.25,40.25
4687,51.75,40.25
4688,52.25,40.25
4689,52.75,40.25
4690,53.25,40.25
4691,53.75,40.25
4692,54.25,40.25
4693,54.75,40.25
4694,55.25,40.25
4695,55.75,40.25
4696,56.25,40.25
4697,56.75,40.25
4698,57.25,40.25
4699,57.75,40.25
4700,58.25,40.25
4701,58.75,40.25
4702,59.25,40.25
4703,59.75,40.25
4704,60.25,40.25
4705,60.75,40.25
4706,61.25,40.25
4707,61.75,40.25
4708,62.25,40.25
4709,62.75,40.25
4710,63.25,40.25
4711,63.75,40.25
4712,64.25,40.25
4713,64.75,40.25
4714,65.75,40.25
4715,66.75,40.25
4716,67.25,40.25
4717,67.75,40.25
4718,27.25,40.75
4719,27.75,40.75
4720,28.25,40.75
4721,28.75,40.75
4722,29.25,40.75
4723,30.75,40.75
4724,31.25,40.75
4725,31.75,40.75
4726,32.25,40.75
4727,32.75,40.75
4728,33.25,40.75
4729,33.75,40.75
4730,34.25,40.75
4731,34.75,40.75
4732,35.25,40.75
4733,35.75,40.75
4734,36.25,40.75
4735,36.75,40.75
4736,37.25,40.75
4737,37.75,40.75
4738,38.25,40.75
4739,38.75,40.75
4740,39.25,40.75
4741,39.75,40.75
4742,40.25,40.75
4743,40.75,40.75
4744,43.75,40.75
4745,44.25,40.75
4746,44.75,40.75
4747,45.25,40.75
4748,45.75,40.75
4749,46.25,40.75
4750,46.75,40.75
4751,47.25,40.75
4752,47.75,40.75
4753,48.25,40.75
4754,48.75,40.75
4755,49.25,40.75
4756,49.75,40.75
4757,50.25,40.75
4758,50.75,40.75
4759,51.25,40.75
4760,51.75,40.75
4761,52.25,40.75
4762,52.75,40.75
4763,53.25,40.75
4764,53.75,40.75
4765,54.25,40.75
4766,54.75,40.75
4767,55.25,40.75
4768,55.75,40.75
4769,56.25,40.75
4770,56.75,40.75
4771,57.25,40.75
4772,57.75,40.75
4773,58.25,40.75
4774,58.75,40.75
4775,59.25,40.75
4776,59.75,40.75
4777,60.25,40.75
4778,60.75,40.75
4779,61.25,40.75
4780,61.75,40.75
4781,62.25,40.75
4782,62.75,40.75
4783,63.25,40.75
4784,63.75,40.75
4785,64.25,40.75
4786,64.75,40.75
4787,65.25,40.75
4788,65.75,40.75
4789,66.75,40.75
4790,67.25,40.75
4791,67.75,40.75
4792,27.25,41.25
4793,27.75,41.25
4794,28.25,41.25
4795,28.75,41.25
4796,29.25,41.25
4797,30.75,41.25
4798,31.25,41.25
4799,31.75,41.25
4800,32.25,41.25
4801,32.75,41.25
4802,33.25,41.25
4803,33.75,41.25
4804,34.25,41.25
4805,34.75,41.25
4806,35.25,41.25
4807,35.75,41.25
4808,36.25,41.25
4809,36.75,41.25
4810,37.25,41.25
4811,37.75,41.25
4812,38.25,41.25
4813,38.75,41.25
4814,39.25,41.25
4815,39.75,41.25
4816,40.25,41.25
4817,40.75,41.25
4818,41.25,41.25
4819,43.25,41.25
4820,43.75,41.25
4821,44.25,41.25
4822,44.75,41.25
4823,45.25,41.25
4824,45.75,41.25
4825,46.25,41.25
4826,46.75,41.25
4827,47.25,41.25
4828,47.75,41.25
4829,48.25,41.25
4830,48.75,41.25
4831,49.25,41.25
4832,49.75,41.25
4833,50.25,41.25
4834,50.75,41.25
4835,51.25,41.25
4836,51.75,41.25
4837,52.25,41.25
4838,52.75,41.25
4839,53.25,41.25
4840,53.75,41.25
4841,54.25,41.25
4842,54.75,41.25
4843,55.25,41.25
4844,55.75,41.25
4845,56.25,41.25
4846,56.75,41.25
4847,57.25,41.25
4848,57.75,41.25
4849,58.25,41.25
4850,58.75,41.25
4851,59.25,41.25
4852,59.75,41.25
4853,60.25,41.25
4854,60.75,41.25
4855,61.25,41.25
4856,61.75,41.25
4857,62.25,41.25
4858,62.75,41.25
4859,63.25,41.25
4860,63.75,41.25
4861,64.25,41.25
4862,64.75,41.25
4863,65.25,41.25
4864,65.75,41.25
4865,67.25,41.25
4866,27.25,41.75
4867,27.75,41.75
4868,28.25,41.75
4869,28.75,41.75
4870,29.25,41.75
4871,29.75,41.75
4872,30.25,41.75
4873,30.75,41.75
4874,31.25,41.75
4875,31.75,41.75
4876,32.25,41.75
4877,32.75,41.75
4878,33.25,41.75
4879,33.75,41.75
4880,34.25,41.75
4881,34.75,41.75
4882,35.25,41.75
4883,35.75,41.75
4884,36.25,41.75
4885,36.75,41.75
4886,37.25,41.75
4887,37.75,41.75
4888,38.25,41.75
4889,38.75,41.75
4890,39.25,41.75
4891,39.75,41.75
4892,40.25,41.75
4893,40.75,41.75
4894,41.25,41.75
4895,43.25,41.75
4896,43.75,41.75
4897,44.25,41.75
4898,44.75,41.75
4899,45.25,41.75
4900,45.75,41.75
4901,46.25,41.75
4902,46.75,41.75
4903,47.25,41.75
4904,47.75,41.75
4905,48.25,41.75
4906,48.75,41.75
4907,49.25,41.75
4908,49.75,41.75
4909,50.25,41.75
4910,50.75,41.75
4911,51.25,41.75
4912,51.75,41.75
4913,52.25,41.75
4914,52.75,41.75
4915,53.25,41.75
4916,53.75,41.75
4917,54.25,41.75
4918,54.75,41.75
4919,55.25,41.75
4920,55.75,41.75
4921,56.25,41.75
4922,56.75,41.75
4923,57.25,41.75
4924,57.75,41.75
4925,58.25,41.75
4926,58.75,41.75
4927,59.25,41.75
4928,59.75,41.75
4929,60.25,41.75
4930,60.75,41.75
4931,61.25,41.75
4932,61.75,41.75
4933,62.25,41.75
4934,62.75,41.75
4935,63.25,41.75
4936,63.75,41.75
4937,64.25,41.75
4938,64.75,41.75
4939,65.25,41.75
4940,65.75,41.75
4941,66.25,41.75
4942,27.25,42.25
4943,27.75,42.25
4944,28.25,42.25
4945,28.75,42.25
4946,29.25,42.25
4947,29.75,42.25
4948,30.25,42.25
4949,30.75,42.25
4950,31.25,42.25
4951,31.75,42.25
4952,32.25,42.25
4953,32.75,42.25
4954,33.25,42.25
4955,33.75,42.25
4956,34.25,42.25
4957,34.75,42.25
4958,35.25,42.25
4959,35.75,42.25
4960,36.25,42.25
4961,36.75,42.25
4962,37.25,42.25
4963,37.75,42.25
4964,38.25,42.25
4965,38.75,42.25
4966,39.25,42.25
4967,39.75,42.25
4968,40.25,42.25
4969,40.75,42.25
4970,41.25,42.25
4971,41.75,42.25
4972,42.25,42.25
4973,42.75,42.25
4974,43.25,42.25
4975,43.75,42.25
4976,44.25,42.25
4977,44.75,42.25
4978,45.25,42.25
4979,45.75,42.25
4980,46.25,42.25
4981,46.75,42.25
4982,47.25,42.25
4983,47.75,42.25
4984,48.25,42.25
4985,48.75,42.25
4986,49.25,42.25
4987,49.75,42.25
4988,50.25,42.25
4989,50.75,42.25
4990,51.25,42.25
4991,51.75,42.25
4992,52.25,42.25
4993,52.75,42.25
4994,53.25,42.25
4995,53.75,42.25
4996,54.25,42.25
4997,54.75,42.25
4998,55.25,42.25
4999,55.75,42.25
5000,56.25,42.25
5001,56.75,42.25
5002,57.25,42.25
5003,57.75,42.25
5004,58.25,42.25
5005,58.75,42.25
5006,59.25,42.25
5007,59.75,42.25
5008,60.25,42.25
5009,60.75,42.25
5010,61.25,42.25
5011,61.75,42.25
5012,62.25,42.25
5013,62.75,42.25
5014,63.25,42.25
5015,63.75,42.25
5016,64.25,42.25
5017,64.75,42.25
5018,65.25,42.25
5019,65.75,42.25
5020,66.25,42.25
5021,27.25,42.75
5022,27.75,42.75
5023,28.25,42.75
5024,28.75,42.75
5025,29.25,42.75
5026,29.75,42.75
5027,30.25,42.75
5028,30.75,42.75
5029,31.25,42.75
5030,31.75,42.75
5031,32.25,42.75
5032,32.75,42.75
5033,33.25,42.75
5034,33.75,42.75
5035,34.25,42.75
5036,34.75,42.75
5037,35.25,42.75
5038,35.75,42.75
5039,36.25,42.75
5040,36.75,42.75
5041,37.25,42.75
5042,37.75,42.75
5043,38.25,42.75
5044,39.25,42.75
5045,39.75,42.75
5046,40.25,42.75
5047,40.75,42.75
5048,41.25,42.75
5049,41.75,42.75
5050,42.25,42.75
5051,42.75,42.75
5052,43.25,42.75
5053,43.75,42.75
5054,44.25,42.75
5055,44.75,42.75
5056,45.25,42.75
5057,45.75,42.75
5058,46.25,42.75
5059,46.75,42.75
5060,47.25,42.75
5061,47.75,42.75
5062,48.25,42.75
5063,48.75,42.75
5064,49.25,42.75
5065,49.75,42.75
5066,50.25,42.75
5067,50.75,42.75
5068,51.25,42.75
5069,51.75,42.75
5070,52.25,42.75
5071,52.75,42.75
5072,53.25,42.75
5073,53.75,42.75
5074,54.25,42.75
5075,54.75,42.75
5076,55.25,42.75
5077,55.75,42.75
5078,56.25,42.75
5079,56.75,42.75
5080,57.25,42.75
5081,57.75,42.75
5082,58.25,42.75
5083,58.75,42.75
5084,59.25,42.75
5085,59.75,42.75
5086,60.25,42.75
5087,60.75,42.75
5088,61.25,42.75
5089,61.75,42.75
5090,62.25,42.75
5091,62.75,42.75
5092,63.25,42.75
5093,63.75,42.75
5094,64.25,42.75
5095,64.75,42.75
5096,65.25,42.75
5097,65.75,42.75
5098,66.25,42.75
5099,27.25,43.25
5100,27.75,43.25
5101,28.25,43.25
5102,28.75,43.25
5103,29.25,43.25
5104,29.75,43.25
5105,30.25,43.25
5106,30.75,43.25
5107,31.25,43.25
5108,31.75,43.25
5109,32.25,43.25
5110,32.75,43.25
5111,33.25,43.25
5112,33.75,43.25
5113,34.25,43.25
5114,34.75,43.25
5115,35.25,43.25
5116,35.75,43.25
5117,36.25,43.25
5118,36.75,43.25
5119,37.25,43.25
5120,37.75,43.25
5121,38.25,43.25
5122,39.25,43.25
5123,39.75,43.25
5124,40.25,43.25
5125,40.75,43.25
5126,41.25,43.25
5127,41.75,43.25
5128,42.25,43.25
5129,42.75,43.25
5130,43.25,43.25
5131,43.75,43.25
5132,44.25,43.25
5133,44.75,43.25
5134,45.25,43.25
5135,45.75,43.25
5136,46.25,43.25
5137,46.75,43.25
5138,47.25,43.25
5139,47.75,43.25
5140,48.75,43.25
5141,49.25,43.25
5142,49.75,43.25
5143,50.25,43.25
5144,50.75,43.25
5145,51.25,43.25
5146,51.75,43.25
5147,52.25,43.25
5148,52.75,43.25
5149,53.25,43.25
5150,53.75,43.25
5151,54.25,43.25
5152,54.75,43.25
5153,55.25,43.25
5154,55.75,43.25
5155,56.25,43.25
5156,56.75,43.25
5157,57.25,43.25
5158,57.75,43.25
5159,58.25,43.25
5160,58.75,43.25
5161,59.25,43.25
5162,59.75,43.25
5163,60.25,43.25
5164,60.75,43.25
5165,61.25,43.25
5166,61.75,43.25
5167,62.25,43.25
5168,62.75,43.25
5169,63.25,43.25
5170,63.75,43.25
5171,64.25,43.25
5172,64.75,43.25
5173,65.25,43.25
5174,65.75,43.25
5175,66.25,43.25
5176,27.25,43.75
5177,27.75,43.75
5178,28.25,43.75
5179,28.75,43.75
5180,29.25,43.75
5181,29.75,43.75
5182,30.25,43.75
5183,30.75,43.75
5184,31.25,43.75
5185,31.75,43.75
5186,32.25,43.75
5187,32.75,43.75
5188,33.25,43.75
5189,33.75,43.75
5190,34.25,43.75
5191,34.75,43.75
5192,35.25,43.75
5193,35.75,43.75
5194,36.25,43.75
5195,36.75,43.75
5196,37.25,43.75
5197,37.75,43.75
5198,38.25,43.75
5199,38.75,43.75
5200,39.25,43.75
5201,39.75,43.75
5202,40.25,43.75
5203,40.75,43.75
5204,41.25,43.75
5205,41.75,43.75
5206,42.25,43.75
5207,42.75,43.75
5208,43.25,43.75
5209,43.75,43.75
5210,44.25,43.75
5211,44.75,43.75
5212,45.25,43.75
5213,45.75,43.75
5214,46.25,43.75
5215,46.75,43.75
5216,47.25,43.75
5217,47.75,43.75
5218,48.25,43.75
5219,48.75,43.75
5220,49.25,43.75
5221,49.75,43.75
5222,50.25,43.75
5223,50.75,43.75
5224,51.25,43.75
5225,51.75,43.75
5226,52.25,43.75
5227,52.75,43.75
5228,53.25,43.75
5229,53.75,43.75
5230,54.25,43.75
5231,54.75,43.75
5232,55.25,43.75
5233,55.75,43.75
5234,56.25,43.75
5235,56.75,43.75
5236,57.25,43.75
5237,57.75,43.75
5238,58.25,43.75
5239,58.75,43.75
5240,59.25,43.75
5241,59.75,43.75
5242,60.25,43.75
5243,60.75,43.75
5244,61.25,43.75
5245,61.75,43.75
5246,62.25,43.75
5247,62.75,43.75
5248,63.25,43.75
5249,63.75,43.75
5250,64.25,43.75
5251,64.75,43.75
5252,65.25,43.75
5253,65.75,43.75
5254,66.25,43.75
5255,27.25,44.25
5256,27.75,44.25
5257,28.25,44.25
5258,28.75,44.25
5259,29.25,44.25
5260,29.75,44.25
5261,30.25,44.25
5262,30.75,44.25
5263,31.25,44.25
5264,31.75,44.25
5265,32.25,44.25
5266,32.75,44.25
5267,33.25,44.25
5268,33.75,44.25
5269,34.25,44.25
5270,34.75,44.25
5271,35.25,44.25
5272,35.75,44.25
5273,36.25,44.25
5274,36.75,44.25
5275,37.25,44.25
5276,37.75,44.25
5277,38.25,44.25
5278,38.75,44.25
5279,39.25,44.25
5280,39.75,44.25
5281,40.25,44.25
5282,40.75,44.25
5283,41.25,44.25
5284,41.75,44.25
5285,42.25,44.25
5286,42.75,44.25
5287,43.25,44.25
5288,43.75,44.25
5289,44.25,44.25
5290,44.75,44.25
5291,45.25,44.25
5292,45.75,44.25
5293,46.25,44.25
5294,46.75,44.25
5295,47.25,44.25
5296,47.75,44.25
5297,48.25,44.25
5298,48.75,44.25
5299,49.25,44.25
5300,49.75,44.25
5301,50.25,44.25
5302,50.75,44.25
5303,51.25,44.25
5304,51.75,44.25
5305,52.25,44.25
5306,52.75,44.25
5307,53.25,44.25
5308,53.75,44.25
5309,54.25,44.25
5310,54.75,44.25
5311,55.25,44.25
5312,55.75,44.25
5313,56.25,44.25
5314,56.75,44.25
5315,57.25,44.25
5316,57.75,44.25
5317,58.25,44.25
5318,58.75,44.25
5319,59.25,44.25
5320,59.75,44.25
5321,60.25,44.25
5322,60.75,44.25
5323,61.25,44.25
5324,61.75,44.25
5325,62.25,44.25
5326,62.75,44.25
5327,63.25,44.25
5328,63.75,44.25
5329,64.25,44.25
5330,64.75,44.25
5331,65.25,44.25
5332,65.75,44.25
5333,66.25,44.25
5334,27.25,44.75
5335,27.75,44.75
5336,28.25,44.75
5337,28.75,44.75
5338,29.25,44.75
5339,29.75,44.75
5340,30.25,44.75
5341,30.75,44.75
5342,31.25,44.75
5343,31.75,44.75
5344,32.25,44.75
5345,32.75,44.75
5346,33.25,44.75
5347,33.75,44.75
5348,34.25,44.75
5349,34.75,44.75
5350,35.25,44.75
5351,35.75,44.75
5352,36.25,44.75
5353,36.75,44.75
5354,37.25,44.75
5355,37.75,44.75
5356,38.25,44.75
5357,38.75,44.75
5358,39.25,44.75
5359,39.75,44.75
5360,40.25,44.75
5361,40.75,44.75
5362,41.25,44.75
5363,41.75,44.75
5364,42.25,44.75
5365,42.75,44.75
5366,43.25,44.75
5367,43.75,44.75
5368,44.25,44.75
5369,44.75,44.75
5370,45.25,44.75
5371,45.75,44.75
5372,46.25,44.75
5373,46.75,44.75
5374,47.25,44.75
5375,47.75,44.75
5376,48.25,44.75
5377,48.75,44.75
5378,49.25,44.75
5379,49.75,44.75
5380,50.25,44.75
5381,50.75,44.75
5382,51.25,44.75
5383,51.75,44.75
5384,52.25,44.75
5385,52.75,44.75
5386,53.25,44.75
5387,53.75,44.75
5388,54.25,44.75
5389,54.75,44.75
5390,55.25,44.75
5391,55.75,44.75
5392,56.25,44.75
5393,56.75,44.75
5394,57.25,44.75
5395,57.75,44.75
5396,58.25,44.75
5397,58.75,44.75
5398,59.25,44.75
5399,59.75,44.75
5400,60.25,44.75
5401,60.75,44.75
5402,61.25,44.75
5403,61.75,44.75
5404,62.25,44.75
5405,62.75,44.75
5406,63.25,44.75
5407,63.75,44.75
5408,64.25,44.75
5409,64.75,44.75
5410,65.25,44.75
5411,65.75,44.75
5412,66.25,44.75
5413,67.75,44.75
5414,68.25,44.75